{"Display Name Change": [{"Date": "2019-06-08 17:31:47 UTC", "Display Name": "Mitzi \ud83e\udde1"}, {"Date": "2018-06-04 02:17:51 UTC", "Display Name": "Mitzi \ud83e\udde1"}, {"Date": "2018-02-14 12:41:55 UTC", "Display Name": "Mitzi Edenfield"}, {"Date": "2017-08-21 18:07:33 UTC", "Display Name": "Mitzi Edenfield"}, {"Date": "2017-08-20 20:30:28 UTC", "Display Name": "Mitzi Edenfield"}], "Email Change": [{"Date": "2020-03-27 20:03:29 UTC", "Email Address": "happyschef@gmail.com"}, {"Date": "2020-03-27 20:03:13 UTC", "Email Address": "happyschef@gmail.com"}, {"Date": "2020-03-27 07:11:39 UTC", "Email Address": "mitziedenfield2016@icloud.com"}, {"Date": "2017-08-20 20:30:56 UTC", "Email Address": "mitziedenfield2016@icloud.com"}], "Mobile Number Change": [{"Date": "2018-01-04 22:56:24 UTC", "Mobile Number": "+14782992634"}, {"Date": "2017-12-29 20:30:47 UTC", "Mobile Number": "Removed"}, {"Date": "2017-08-20 20:31:23 UTC", "Mobile Number": "+14782992634"}], "Password Change": [], "Snapchat Linked to Bitmoji": [{"Date": "2017-09-25 02:16:16 UTC"}, {"Date": "2017-09-25 02:12:27 UTC"}], "Spectacles": [], "Two-Factor Authentication": [], "Account deactivated / reactivated": []}