{"Friends": [{"Username": "scarborok", "Display Name": "Kellie"}, {"Username": "jb177", "Display Name": "Jake"}, {"Username": "chantheman2012", "Display Name": "Channing Smith"}, {"Username": "bernitheturkey", "Display Name": "Dave"}, {"Username": "calebrich9", "Display Name": "Caleb"}, {"Username": "moo1345moo", "Display Name": "Moomoo \ud83d\udc9c\u270c\ud83c\udffc"}, {"Username": "gashahall", "Display Name": "Shanda Hall"}, {"Username": "kateunderwood15", "Display Name": "Kaitlyn Underwood"}, {"Username": "alliamisinsane6", "Display Name": "Pops"}, {"Username": "momma-chell", "Display Name": "Michelle Millsaps"}, {"Username": "allaynafarrow", "Display Name": "Allayna"}, {"Username": "jacesacrboro", "Display Name": "Jace Scarboro"}, {"Username": "lynnthompson67", "Display Name": "Lynn"}, {"Username": "sandiethompson4", "Display Name": "Sandie"}, {"Username": "shayebeasley75", "Display Name": "Shaye Davis"}, {"Username": "ayla.bug06", "Display Name": "ayla\u2600\ufe0e\ud83d\udc33"}, {"Username": "britdawkins1", "Display Name": "Brittany"}, {"Username": "rich_amanda", "Display Name": "Amanda"}, {"Username": "nikki_rich3", "Display Name": "Nikki"}, {"Username": "brohymn138", "Display Name": "Geno"}, {"Username": "medenfield17", "Display Name": "Mitzi \ud83e\udde1"}, {"Username": "josh_black85", "Display Name": "Josh"}, {"Username": "shanewins2323", "Display Name": "Shane Rich"}, {"Username": "cameron_braswel", "Display Name": "Cam"}, {"Username": "itscharliep", "Display Name": "Stoner \ud83d\udc98"}, {"Username": "ethanhenry92", "Display Name": "Ethan Henry"}, {"Username": "lacy_claire", "Display Name": "Claire"}, {"Username": "lizziemillsaps", "Display Name": "lizzie"}, {"Username": "kaylee_412", "Display Name": "Kaylee"}, {"Username": "lisapoo23", "Display Name": "Gammy"}, {"Username": "lilyhannahp", "Display Name": "Hannah "}, {"Username": "ashley_dunmire", "Display Name": "Ashley Dunmire"}, {"Username": "shane101371", "Display Name": "Shane Rich"}, {"Username": "teamsnapchat", "Display Name": "Team Snapchat"}, {"Username": "adikkie12", "Display Name": "Sethy Poo My Baby Boo"}, {"Username": "zmorris417", "Display Name": "Zaylee Morris"}, {"Username": "aemj26", "Display Name": "Anna Johnson"}, {"Username": "sierrahenryy", "Display Name": "Sierra H"}, {"Username": "justin974", "Display Name": "Justin"}, {"Username": "juicylips1995", "Display Name": "Alexis Allen"}, {"Username": "c3stewart", "Display Name": "Chawny  Stewart"}, {"Username": "whitneyf12", "Display Name": "Whitney"}, {"Username": "dbe2553", "Display Name": "Dawn Edenfield"}, {"Username": "smcliff", "Display Name": "Margaret"}, {"Username": "ericabrookrich", "Display Name": "Erica Rich\ud83c\udf3b"}, {"Username": "tiffblabrad", "Display Name": "Blair"}, {"Username": "brittreneeaayye", "Display Name": "Britt Renee"}, {"Username": "brittanych13", "Display Name": "Brittany Hall"}, {"Username": "courtsuescrews1", "Display Name": "cSs \ud83d\udc8b"}, {"Username": "thompsonjade", "Display Name": "Jade"}, {"Username": "oscar65", "Display Name": "TJpurvis."}, {"Username": "mcarswell805", "Display Name": "Mario Carswell"}, {"Username": "ginabrown92", "Display Name": "Mrs Gina "}, {"Username": "queenbishop302", "Display Name": "Rebecca Bishop"}, {"Username": "daniellemc87", "Display Name": "Danielle McGowan"}, {"Username": "urigeller", "Display Name": "Cut"}, {"Username": "cynthia_rich20", "Display Name": "Cynthia Rich"}, {"Username": "shanewins23", "Display Name": "Shane Rich"}, {"Username": "robinjoy1215", "Display Name": "Robin Joy"}, {"Username": "htanner0116", "Display Name": "Heather Tapley"}, {"Username": "uf2361", "Display Name": "Norman"}, {"Username": "krich1116", "Display Name": "Kimberly Rich"}, {"Username": "cshoemake39", "Display Name": "Ciara Shoemake"}, {"Username": "megannleigh", "Display Name": "Megan Leigh Thompson"}, {"Username": "hippie_jleigh", "Display Name": "Jordan \ud83c\udf3b"}, {"Username": "imaleopluridon", "Display Name": "Johnna"}, {"Username": "summermarie93", "Display Name": "Summer Taylor"}, {"Username": "bobbiestandard", "Display Name": "Bobbie"}, {"Username": "tspassmore", "Display Name": "Seth"}, {"Username": "mlaw20", "Display Name": "Madison Lawson"}, {"Username": "apwaters", "Display Name": "Ashley Waters"}, {"Username": "dannahcheyy", "Display Name": "Dannah Cheyy. \u2764"}, {"Username": "europiangrl27", "Display Name": "Allie"}, {"Username": "jami.kristina", "Display Name": "Jami Shelton"}], "Friend Requests Sent": [{"Username": "tae_loveyou", "Display Name": "Tae\ud83d\udcaf\ud83d\udc40"}, {"Username": "rel8ableposts", "Display Name": "Funny & Relatable Snaps"}, {"Username": "simply_shyla", "Display Name": "Shyla \ud83d\udc51"}, {"Username": "landon_mcbroom", "Display Name": "LANDON MCBROOM"}, {"Username": "makaylawoods", "Display Name": "MakaylaWoods"}, {"Username": "yadaddydong", "Display Name": "Julian"}, {"Username": "leigha20", "Display Name": "Leigha"}, {"Username": "cliton2036", "Display Name": "Tessa"}, {"Username": "nbashitonly", "Display Name": "Courtney"}, {"Username": "nickiminaj", "Display Name": "Nicki Minaj"}, {"Username": "moremulatto", "Display Name": "Crissy HUNCHO \ud83d\udda4\ud83d\udd31"}, {"Username": "catherinepaiz", "Display Name": "Catherine Paiz"}, {"Username": "trevor_2958", "Display Name": "Trevor Rich"}, {"Username": "chanteltaleen", "Display Name": "Chantel Jeffries"}, {"Username": "domoandcrissy", "Display Name": "Domo And Crissy \ud83c\udf37"}, {"Username": "santa", "Display Name": "Santa\ud83c\udf85\ud83c\udffc"}, {"Username": "tayloredfitness", "Display Name": "Taylor Simpson"}, {"Username": "kellies204", "Display Name": "Kellie"}, {"Username": "kylizzlemynizzl", "Display Name": "Kylie Jenner"}, {"Username": "meaganower87", "Display Name": "PsychoBarbie87 \ud83d\udc9e"}, {"Username": "tymonboynto2019", "Display Name": "Tymon Boynton"}, {"Username": "sweetheart0123", "Display Name": "Corey Standard "}, {"Username": "nailthelook", "Display Name": "Nail The Look"}, {"Username": "salice_roseee", "Display Name": "Salice Rose"}, {"Username": "friedpiper", "Display Name": "Young Gunner"}, {"Username": "seth_eden", "Display Name": "Seth"}, {"Username": "therealmcbroom", "Display Name": "Austin McBroom"}, {"Username": "insanesatisfy", "Display Name": "Satisfying Posts \ud83d\ude3b"}, {"Username": "fastrunner2332", "Display Name": "Tessa"}, {"Username": "leighas20", "Display Name": "Leigha"}, {"Username": "zach", "Display Name": "Zach Clayton"}, {"Username": "rprice245", "Display Name": "Miss Renee "}, {"Username": "drobison530", "Display Name": "Trevor "}, {"Username": "domowilsonisbae", "Display Name": "DomoBabyyy\u2764\ufe0f\ud83d\ude0b"}, {"Username": "jacobsartorius", "Display Name": "Jacob Sartorius"}, {"Username": "colincarpentier", "Display Name": "Miranda Edenfield"}, {"Username": "iam_dee21", "Display Name": "Deaiddra Roper"}, {"Username": "lunaxoxo", "Display Name": "lb\ud83c\udf52"}, {"Username": "wilkerson1990", "Display Name": "Tessa"}, {"Username": "emrata", "Display Name": "Emily Ratajkowski"}, {"Username": "moms", "Display Name": "Elizabeth Bjarnesen"}, {"Username": "chefberni", "Display Name": "Dave"}, {"Username": "aliceklomp", "Display Name": "Pineapplebrat"}, {"Username": "setheden", "Display Name": "s7th"}], "Blocked Users": [{"Username": "cjbrewer04", "Display Name": ""}], "Deleted Friends": [{"Username": "jamieshumard", "Display Name": "Goober"}, {"Username": "suggs33", "Display Name": "Dakota Suggs"}, {"Username": "colliff3", "Display Name": "COLTON OLLIFF"}, {"Username": "mc_bchboy24", "Display Name": "Mario"}, {"Username": "hooks_11", "Display Name": "Zach"}, {"Username": "dhunterj", "Display Name": "Hunter"}, {"Username": "marcospbatista", "Display Name": ""}, {"Username": "guccigang_ouu", "Display Name": "Kavoyea Williams"}, {"Username": "markingyo", "Display Name": "Marcos"}]}