{"Received Snap History": [{"From": "hippie_jleigh", "Media Type": "IMAGE", "Created": "2020-03-04 16:55:19 UTC"}, {"From": "hippie_jleigh", "Media Type": "IMAGE", "Created": "2020-03-04 14:14:29 UTC"}, {"From": "hippie_jleigh", "Media Type": "IMAGE", "Created": "2020-03-04 13:53:13 UTC"}, {"From": "aemj26", "Media Type": "IMAGE", "Created": "2020-03-04 05:12:09 UTC"}, {"From": "nikki_rich3", "Media Type": "IMAGE", "Created": "2020-03-28 00:48:59 UTC"}, {"From": "jacesacrboro", "Media Type": "IMAGE", "Created": "2020-03-27 23:21:25 UTC"}, {"From": "nikki_rich3", "Media Type": "IMAGE", "Created": "2020-03-27 21:52:09 UTC"}, {"From": "queenbishop302", "Media Type": "IMAGE", "Created": "2020-03-27 21:07:18 UTC"}, {"From": "ericabrookrich", "Media Type": "VIDEO", "Created": "2020-03-16 13:52:45 UTC"}, {"From": "ericabrookrich", "Media Type": "VIDEO", "Created": "2020-03-16 13:51:57 UTC"}, {"From": "ericabrookrich", "Media Type": "IMAGE", "Created": "2020-03-16 13:51:16 UTC"}, {"From": "ericabrookrich", "Media Type": "IMAGE", "Created": "2020-03-16 13:46:30 UTC"}, {"From": "ericabrookrich", "Media Type": "IMAGE", "Created": "2020-03-16 13:04:59 UTC"}, {"From": "scarborok", "Media Type": "IMAGE", "Created": "2020-03-16 12:39:38 UTC"}, {"From": "hippie_jleigh", "Media Type": "IMAGE", "Created": "2020-03-16 02:40:36 UTC"}, {"From": "moo1345moo", "Media Type": "IMAGE", "Created": "2020-03-16 02:40:15 UTC"}, {"From": "ericabrookrich", "Media Type": "VIDEO", "Created": "2020-03-15 23:38:54 UTC"}, {"From": "ericabrookrich", "Media Type": "VIDEO", "Created": "2020-03-15 23:38:46 UTC"}, {"From": "ericabrookrich", "Media Type": "VIDEO", "Created": "2020-03-15 23:38:40 UTC"}, {"From": "ericabrookrich", "Media Type": "IMAGE", "Created": "2020-03-15 23:26:12 UTC"}, {"From": "ericabrookrich", "Media Type": "IMAGE", "Created": "2020-03-15 23:24:02 UTC"}, {"From": "ericabrookrich", "Media Type": "IMAGE", "Created": "2020-03-15 23:23:03 UTC"}, {"From": "ericabrookrich", "Media Type": "VIDEO", "Created": "2020-03-15 23:19:16 UTC"}, {"From": "ericabrookrich", "Media Type": "VIDEO", "Created": "2020-03-15 20:55:29 UTC"}, {"From": "ericabrookrich", "Media Type": "VIDEO", "Created": "2020-03-27 20:52:23 UTC"}, {"From": "momma-chell", "Media Type": "IMAGE", "Created": "2020-03-27 16:30:06 UTC"}, {"From": "hippie_jleigh", "Media Type": "IMAGE", "Created": "2020-03-27 16:27:34 UTC"}, {"From": "nikki_rich3", "Media Type": "IMAGE", "Created": "2020-03-27 16:21:44 UTC"}, {"From": "moo1345moo", "Media Type": "VIDEO", "Created": "2020-03-27 16:16:47 UTC"}, {"From": "moo1345moo", "Media Type": "IMAGE", "Created": "2020-03-27 02:46:10 UTC"}, {"From": "queenbishop302", "Media Type": "VIDEO", "Created": "2020-03-27 01:39:09 UTC"}, {"From": "queenbishop302", "Media Type": "VIDEO", "Created": "2020-03-27 01:39:08 UTC"}, {"From": "moo1345moo", "Media Type": "IMAGE", "Created": "2020-03-27 00:56:06 UTC"}, {"From": "moo1345moo", "Media Type": "VIDEO", "Created": "2020-03-27 00:54:25 UTC"}, {"From": "moo1345moo", "Media Type": "IMAGE", "Created": "2020-03-26 23:23:17 UTC"}, {"From": "hippie_jleigh", "Media Type": "IMAGE", "Created": "2020-03-26 19:22:09 UTC"}, {"From": "moo1345moo", "Media Type": "IMAGE", "Created": "2020-03-26 18:13:33 UTC"}, {"From": "moo1345moo", "Media Type": "IMAGE", "Created": "2020-03-26 18:09:06 UTC"}, {"From": "ericabrookrich", "Media Type": "IMAGE", "Created": "2020-03-26 17:47:35 UTC"}, {"From": "ericabrookrich", "Media Type": "IMAGE", "Created": "2020-03-26 17:46:05 UTC"}, {"From": "ericabrookrich", "Media Type": "IMAGE", "Created": "2020-03-26 17:45:01 UTC"}, {"From": "moo1345moo", "Media Type": "IMAGE", "Created": "2020-03-26 15:22:05 UTC"}, {"From": "nikki_rich3", "Media Type": "VIDEO", "Created": "2020-03-26 11:34:06 UTC"}, {"From": "hippie_jleigh", "Media Type": "IMAGE", "Created": "2020-03-26 10:30:45 UTC"}, {"From": "moo1345moo", "Media Type": "VIDEO", "Created": "2020-03-26 01:31:11 UTC"}, {"From": "hippie_jleigh", "Media Type": "IMAGE", "Created": "2020-03-26 01:26:33 UTC"}, {"From": "adikkie12", "Media Type": "VIDEO", "Created": "2020-03-25 22:00:32 UTC"}, {"From": "hippie_jleigh", "Media Type": "IMAGE", "Created": "2020-03-25 21:50:25 UTC"}, {"From": "ericabrookrich", "Media Type": "VIDEO", "Created": "2020-03-25 21:33:51 UTC"}, {"From": "ericabrookrich", "Media Type": "VIDEO", "Created": "2020-03-25 21:33:50 UTC"}, {"From": "ericabrookrich", "Media Type": "VIDEO", "Created": "2020-03-25 21:30:30 UTC"}, {"From": "ericabrookrich", "Media Type": "VIDEO", "Created": "2020-03-25 21:29:55 UTC"}, {"From": "ericabrookrich", "Media Type": "IMAGE", "Created": "2020-03-25 21:05:19 UTC"}, {"From": "ericabrookrich", "Media Type": "IMAGE", "Created": "2020-03-25 21:04:37 UTC"}, {"From": "hippie_jleigh", "Media Type": "IMAGE", "Created": "2020-03-25 20:02:05 UTC"}, {"From": "hippie_jleigh", "Media Type": "IMAGE", "Created": "2020-03-25 19:34:28 UTC"}, {"From": "adikkie12", "Media Type": "IMAGE", "Created": "2020-03-25 18:30:25 UTC"}, {"From": "adikkie12", "Media Type": "IMAGE", "Created": "2020-03-25 16:04:51 UTC"}, {"From": "moo1345moo", "Media Type": "VIDEO", "Created": "2020-03-25 15:10:53 UTC"}, {"From": "adikkie12", "Media Type": "IMAGE", "Created": "2020-03-25 14:40:28 UTC"}, {"From": "adikkie12", "Media Type": "IMAGE", "Created": "2020-03-25 14:33:41 UTC"}, {"From": "adikkie12", "Media Type": "IMAGE", "Created": "2020-03-25 14:21:15 UTC"}, {"From": "nikki_rich3", "Media Type": "IMAGE", "Created": "2020-03-25 13:56:50 UTC"}, {"From": "nikki_rich3", "Media Type": "IMAGE", "Created": "2020-03-25 11:06:48 UTC"}, {"From": "hippie_jleigh", "Media Type": "IMAGE", "Created": "2020-03-25 09:50:02 UTC"}, {"From": "hippie_jleigh", "Media Type": "IMAGE", "Created": "2020-03-25 09:19:09 UTC"}, {"From": "hippie_jleigh", "Media Type": "IMAGE", "Created": "2020-03-25 01:15:47 UTC"}, {"From": "moo1345moo", "Media Type": "VIDEO", "Created": "2020-03-25 01:13:50 UTC"}, {"From": "nikki_rich3", "Media Type": "VIDEO", "Created": "2020-03-24 23:30:56 UTC"}, {"From": "nikki_rich3", "Media Type": "VIDEO", "Created": "2020-03-24 23:30:55 UTC"}, {"From": "nikki_rich3", "Media Type": "VIDEO", "Created": "2020-03-24 23:30:55 UTC"}, {"From": "hippie_jleigh", "Media Type": "IMAGE", "Created": "2020-03-24 23:18:33 UTC"}, {"From": "hippie_jleigh", "Media Type": "IMAGE", "Created": "2020-03-24 22:50:09 UTC"}, {"From": "hippie_jleigh", "Media Type": "IMAGE", "Created": "2020-03-24 22:39:41 UTC"}, {"From": "hippie_jleigh", "Media Type": "IMAGE", "Created": "2020-03-24 22:03:37 UTC"}, {"From": "hippie_jleigh", "Media Type": "IMAGE", "Created": "2020-03-24 21:48:49 UTC"}, {"From": "nikki_rich3", "Media Type": "IMAGE", "Created": "2020-03-24 19:33:45 UTC"}, {"From": "ericabrookrich", "Media Type": "VIDEO", "Created": "2020-03-24 18:08:32 UTC"}, {"From": "apwaters", "Media Type": "VIDEO", "Created": "2020-03-24 17:22:20 UTC"}, {"From": "apwaters", "Media Type": "VIDEO", "Created": "2020-03-24 17:22:20 UTC"}, {"From": "ericabrookrich", "Media Type": "IMAGE", "Created": "2020-03-24 17:03:46 UTC"}, {"From": "moo1345moo", "Media Type": "IMAGE", "Created": "2020-03-24 15:43:29 UTC"}, {"From": "moo1345moo", "Media Type": "IMAGE", "Created": "2020-03-24 15:22:50 UTC"}, {"From": "nikki_rich3", "Media Type": "IMAGE", "Created": "2020-03-24 01:34:51 UTC"}, {"From": "moo1345moo", "Media Type": "VIDEO", "Created": "2020-03-24 01:22:48 UTC"}, {"From": "moo1345moo", "Media Type": "IMAGE", "Created": "2020-03-24 00:18:00 UTC"}, {"From": "moo1345moo", "Media Type": "VIDEO", "Created": "2020-03-23 19:11:35 UTC"}, {"From": "moo1345moo", "Media Type": "IMAGE", "Created": "2020-03-23 19:05:24 UTC"}, {"From": "moo1345moo", "Media Type": "IMAGE", "Created": "2020-03-23 19:04:14 UTC"}, {"From": "hippie_jleigh", "Media Type": "IMAGE", "Created": "2020-03-23 18:37:36 UTC"}, {"From": "hippie_jleigh", "Media Type": "IMAGE", "Created": "2020-03-23 18:04:59 UTC"}, {"From": "hippie_jleigh", "Media Type": "IMAGE", "Created": "2020-03-23 17:58:10 UTC"}, {"From": "moo1345moo", "Media Type": "IMAGE", "Created": "2020-03-23 17:24:38 UTC"}, {"From": "adikkie12", "Media Type": "VIDEO", "Created": "2020-03-23 14:38:58 UTC"}, {"From": "adikkie12", "Media Type": "IMAGE", "Created": "2020-03-23 14:32:56 UTC"}, {"From": "lisapoo23", "Media Type": "IMAGE", "Created": "2020-03-23 13:54:55 UTC"}, {"From": "hippie_jleigh", "Media Type": "IMAGE", "Created": "2020-03-22 23:15:51 UTC"}, {"From": "nikki_rich3", "Media Type": "IMAGE", "Created": "2020-03-22 22:33:13 UTC"}, {"From": "nikki_rich3", "Media Type": "IMAGE", "Created": "2020-03-22 22:30:35 UTC"}, {"From": "nikki_rich3", "Media Type": "IMAGE", "Created": "2020-03-22 21:37:53 UTC"}, {"From": "rich_amanda", "Media Type": "VIDEO", "Created": "2020-03-03 23:29:25 UTC"}, {"From": "rich_amanda", "Media Type": "VIDEO", "Created": "2020-03-03 23:29:22 UTC"}, {"From": "rich_amanda", "Media Type": "VIDEO", "Created": "2020-03-03 23:29:20 UTC"}, {"From": "adikkie12", "Media Type": "IMAGE", "Created": "2020-03-03 13:50:09 UTC"}, {"From": "adikkie12", "Media Type": "IMAGE", "Created": "2020-03-03 13:40:30 UTC"}, {"From": "adikkie12", "Media Type": "IMAGE", "Created": "2020-03-03 12:55:44 UTC"}, {"From": "adikkie12", "Media Type": "IMAGE", "Created": "2020-03-03 12:53:06 UTC"}, {"From": "adikkie12", "Media Type": "IMAGE", "Created": "2020-03-03 12:53:04 UTC"}, {"From": "adikkie12", "Media Type": "IMAGE", "Created": "2020-03-03 12:44:43 UTC"}, {"From": "hippie_jleigh", "Media Type": "IMAGE", "Created": "2020-03-03 10:43:06 UTC"}, {"From": "adikkie12", "Media Type": "IMAGE", "Created": "2020-03-03 02:30:03 UTC"}, {"From": "adikkie12", "Media Type": "IMAGE", "Created": "2020-03-03 02:21:50 UTC"}, {"From": "nikki_rich3", "Media Type": "IMAGE", "Created": "2020-03-03 01:13:28 UTC"}, {"From": "adikkie12", "Media Type": "IMAGE", "Created": "2020-03-02 21:00:50 UTC"}, {"From": "ericabrookrich", "Media Type": "VIDEO", "Created": "2020-03-02 20:58:11 UTC"}, {"From": "ericabrookrich", "Media Type": "VIDEO", "Created": "2020-03-02 20:58:10 UTC"}, {"From": "ericabrookrich", "Media Type": "VIDEO", "Created": "2020-03-02 20:53:20 UTC"}, {"From": "ericabrookrich", "Media Type": "VIDEO", "Created": "2020-03-02 20:53:19 UTC"}, {"From": "markingyo", "Media Type": "IMAGE", "Created": "2020-03-02 20:14:12 UTC"}, {"From": "markingyo", "Media Type": "IMAGE", "Created": "2020-03-02 20:03:54 UTC"}, {"From": "markingyo", "Media Type": "IMAGE", "Created": "2020-03-02 19:50:19 UTC"}, {"From": "hippie_jleigh", "Media Type": "IMAGE", "Created": "2020-03-02 19:38:03 UTC"}, {"From": "markingyo", "Media Type": "IMAGE", "Created": "2020-03-02 19:31:14 UTC"}, {"From": "markingyo", "Media Type": "IMAGE", "Created": "2020-03-02 19:25:58 UTC"}, {"From": "markingyo", "Media Type": "IMAGE", "Created": "2020-03-02 18:58:56 UTC"}, {"From": "markingyo", "Media Type": "IMAGE", "Created": "2020-03-02 18:45:02 UTC"}, {"From": "markingyo", "Media Type": "IMAGE", "Created": "2020-03-02 18:32:44 UTC"}, {"From": "markingyo", "Media Type": "IMAGE", "Created": "2020-03-02 18:24:25 UTC"}, {"From": "markingyo", "Media Type": "IMAGE", "Created": "2020-03-02 18:18:19 UTC"}, {"From": "markingyo", "Media Type": "IMAGE", "Created": "2020-03-02 18:13:30 UTC"}, {"From": "markingyo", "Media Type": "IMAGE", "Created": "2020-03-02 18:09:23 UTC"}, {"From": "markingyo", "Media Type": "IMAGE", "Created": "2020-03-02 18:06:36 UTC"}, {"From": "markingyo", "Media Type": "IMAGE", "Created": "2020-03-02 18:01:57 UTC"}, {"From": "adikkie12", "Media Type": "IMAGE", "Created": "2020-03-02 17:58:18 UTC"}, {"From": "markingyo", "Media Type": "IMAGE", "Created": "2020-03-02 17:56:45 UTC"}, {"From": "adikkie12", "Media Type": "IMAGE", "Created": "2020-03-02 17:56:29 UTC"}, {"From": "adikkie12", "Media Type": "IMAGE", "Created": "2020-03-02 17:56:16 UTC"}, {"From": "markingyo", "Media Type": "IMAGE", "Created": "2020-03-02 17:51:38 UTC"}, {"From": "markingyo", "Media Type": "IMAGE", "Created": "2020-03-02 17:47:37 UTC"}, {"From": "markingyo", "Media Type": "IMAGE", "Created": "2020-03-02 17:42:43 UTC"}, {"From": "markingyo", "Media Type": "IMAGE", "Created": "2020-03-02 17:38:38 UTC"}, {"From": "markingyo", "Media Type": "IMAGE", "Created": "2020-03-02 17:35:34 UTC"}, {"From": "markingyo", "Media Type": "IMAGE", "Created": "2020-03-02 17:28:28 UTC"}, {"From": "lisapoo23", "Media Type": "IMAGE", "Created": "2020-03-02 04:09:25 UTC"}, {"From": "lisapoo23", "Media Type": "VIDEO", "Created": "2020-03-02 03:33:51 UTC"}, {"From": "lisapoo23", "Media Type": "VIDEO", "Created": "2020-03-02 03:33:51 UTC"}, {"From": "lisapoo23", "Media Type": "VIDEO", "Created": "2020-03-02 03:33:50 UTC"}, {"From": "lisapoo23", "Media Type": "VIDEO", "Created": "2020-03-02 03:33:46 UTC"}, {"From": "hippie_jleigh", "Media Type": "VIDEO", "Created": "2020-03-02 02:12:28 UTC"}, {"From": "ericabrookrich", "Media Type": "IMAGE", "Created": "2020-03-02 00:04:52 UTC"}, {"From": "hippie_jleigh", "Media Type": "IMAGE", "Created": "2020-03-01 21:38:48 UTC"}, {"From": "hippie_jleigh", "Media Type": "IMAGE", "Created": "2020-03-01 21:35:07 UTC"}, {"From": "rich_amanda", "Media Type": "VIDEO", "Created": "2020-03-01 21:31:37 UTC"}, {"From": "hippie_jleigh", "Media Type": "IMAGE", "Created": "2020-03-01 21:07:29 UTC"}, {"From": "hippie_jleigh", "Media Type": "IMAGE", "Created": "2020-03-01 18:17:38 UTC"}, {"From": "hippie_jleigh", "Media Type": "IMAGE", "Created": "2020-03-01 17:45:49 UTC"}, {"From": "adikkie12", "Media Type": "IMAGE", "Created": "2020-03-01 16:05:24 UTC"}, {"From": "momma-chell", "Media Type": "VIDEO", "Created": "2020-03-01 15:53:15 UTC"}, {"From": "momma-chell", "Media Type": "VIDEO", "Created": "2020-03-01 15:53:14 UTC"}, {"From": "hippie_jleigh", "Media Type": "IMAGE", "Created": "2020-03-01 13:12:32 UTC"}, {"From": "hippie_jleigh", "Media Type": "IMAGE", "Created": "2020-03-01 12:57:18 UTC"}, {"From": "scarborok", "Media Type": "IMAGE", "Created": "2020-03-01 02:55:35 UTC"}, {"From": "rich_amanda", "Media Type": "VIDEO", "Created": "2020-03-22 18:04:29 UTC"}, {"From": "hippie_jleigh", "Media Type": "IMAGE", "Created": "2020-03-22 13:28:00 UTC"}, {"From": "hippie_jleigh", "Media Type": "IMAGE", "Created": "2020-03-22 11:45:41 UTC"}, {"From": "adikkie12", "Media Type": "IMAGE", "Created": "2020-03-22 04:09:40 UTC"}, {"From": "adikkie12", "Media Type": "IMAGE", "Created": "2020-03-22 04:09:14 UTC"}, {"From": "moo1345moo", "Media Type": "IMAGE", "Created": "2020-03-22 04:06:58 UTC"}, {"From": "lisapoo23", "Media Type": "IMAGE", "Created": "2020-03-22 02:57:38 UTC"}, {"From": "scarborok", "Media Type": "IMAGE", "Created": "2020-03-22 00:22:43 UTC"}, {"From": "ericabrookrich", "Media Type": "IMAGE", "Created": "2020-03-21 21:52:06 UTC"}, {"From": "scarborok", "Media Type": "IMAGE", "Created": "2020-03-21 20:55:47 UTC"}, {"From": "nikki_rich3", "Media Type": "IMAGE", "Created": "2020-03-21 20:13:26 UTC"}, {"From": "ericabrookrich", "Media Type": "IMAGE", "Created": "2020-03-21 18:59:57 UTC"}, {"From": "moo1345moo", "Media Type": "IMAGE", "Created": "2020-03-21 16:50:22 UTC"}, {"From": "ericabrookrich", "Media Type": "IMAGE", "Created": "2020-03-21 16:40:17 UTC"}, {"From": "lisapoo23", "Media Type": "IMAGE", "Created": "2020-03-21 15:34:11 UTC"}, {"From": "ericabrookrich", "Media Type": "IMAGE", "Created": "2020-03-21 15:28:14 UTC"}, {"From": "dannahcheyy", "Media Type": "VIDEO", "Created": "2020-03-21 14:56:23 UTC"}, {"From": "scarborok", "Media Type": "IMAGE", "Created": "2020-03-21 14:33:57 UTC"}, {"From": "rich_amanda", "Media Type": "VIDEO", "Created": "2020-03-21 14:27:20 UTC"}, {"From": "hippie_jleigh", "Media Type": "IMAGE", "Created": "2020-03-21 10:43:00 UTC"}, {"From": "hippie_jleigh", "Media Type": "IMAGE", "Created": "2020-03-21 09:25:39 UTC"}, {"From": "hippie_jleigh", "Media Type": "IMAGE", "Created": "2020-03-21 00:46:09 UTC"}, {"From": "moo1345moo", "Media Type": "IMAGE", "Created": "2020-03-21 00:28:11 UTC"}, {"From": "hippie_jleigh", "Media Type": "IMAGE", "Created": "2020-03-21 00:04:39 UTC"}, {"From": "moo1345moo", "Media Type": "IMAGE", "Created": "2020-03-20 23:17:23 UTC"}, {"From": "moo1345moo", "Media Type": "IMAGE", "Created": "2020-03-20 23:13:55 UTC"}, {"From": "moo1345moo", "Media Type": "IMAGE", "Created": "2020-03-20 23:04:43 UTC"}, {"From": "moo1345moo", "Media Type": "VIDEO", "Created": "2020-03-20 20:22:07 UTC"}, {"From": "moo1345moo", "Media Type": "VIDEO", "Created": "2020-03-20 20:22:07 UTC"}, {"From": "hippie_jleigh", "Media Type": "IMAGE", "Created": "2020-03-20 17:53:15 UTC"}, {"From": "adikkie12", "Media Type": "IMAGE", "Created": "2020-03-20 17:29:14 UTC"}, {"From": "adikkie12", "Media Type": "IMAGE", "Created": "2020-03-20 17:28:22 UTC"}, {"From": "moo1345moo", "Media Type": "IMAGE", "Created": "2020-03-20 17:28:19 UTC"}, {"From": "adikkie12", "Media Type": "IMAGE", "Created": "2020-03-20 16:22:19 UTC"}, {"From": "hippie_jleigh", "Media Type": "IMAGE", "Created": "2020-03-20 10:21:58 UTC"}, {"From": "rich_amanda", "Media Type": "IMAGE", "Created": "2020-03-19 21:16:09 UTC"}, {"From": "hippie_jleigh", "Media Type": "IMAGE", "Created": "2020-03-19 20:41:00 UTC"}, {"From": "rich_amanda", "Media Type": "IMAGE", "Created": "2020-03-19 20:36:23 UTC"}, {"From": "rich_amanda", "Media Type": "IMAGE", "Created": "2020-03-19 19:01:02 UTC"}, {"From": "rich_amanda", "Media Type": "IMAGE", "Created": "2020-03-19 18:14:37 UTC"}, {"From": "ericabrookrich", "Media Type": "VIDEO", "Created": "2020-03-19 17:05:34 UTC"}, {"From": "ericabrookrich", "Media Type": "VIDEO", "Created": "2020-03-19 17:05:30 UTC"}, {"From": "ericabrookrich", "Media Type": "VIDEO", "Created": "2020-03-19 16:52:11 UTC"}, {"From": "ericabrookrich", "Media Type": "VIDEO", "Created": "2020-03-19 16:52:11 UTC"}, {"From": "ericabrookrich", "Media Type": "VIDEO", "Created": "2020-03-19 16:52:10 UTC"}, {"From": "ericabrookrich", "Media Type": "VIDEO", "Created": "2020-03-19 16:50:15 UTC"}, {"From": "nikki_rich3", "Media Type": "VIDEO", "Created": "2020-03-19 12:34:14 UTC"}, {"From": "nikki_rich3", "Media Type": "VIDEO", "Created": "2020-03-19 12:34:14 UTC"}, {"From": "nikki_rich3", "Media Type": "VIDEO", "Created": "2020-03-19 12:34:13 UTC"}, {"From": "nikki_rich3", "Media Type": "VIDEO", "Created": "2020-03-19 12:34:10 UTC"}, {"From": "nikki_rich3", "Media Type": "VIDEO", "Created": "2020-03-19 12:34:09 UTC"}, {"From": "moo1345moo", "Media Type": "IMAGE", "Created": "2020-03-19 01:07:48 UTC"}, {"From": "ericabrookrich", "Media Type": "IMAGE", "Created": "2020-03-19 01:01:20 UTC"}, {"From": "hippie_jleigh", "Media Type": "IMAGE", "Created": "2020-03-18 23:07:19 UTC"}, {"From": "hippie_jleigh", "Media Type": "VIDEO", "Created": "2020-03-18 21:04:17 UTC"}, {"From": "scarborok", "Media Type": "IMAGE", "Created": "2020-03-18 21:04:14 UTC"}, {"From": "hippie_jleigh", "Media Type": "VIDEO", "Created": "2020-03-18 21:04:09 UTC"}, {"From": "hippie_jleigh", "Media Type": "IMAGE", "Created": "2020-03-18 21:01:33 UTC"}, {"From": "moo1345moo", "Media Type": "IMAGE", "Created": "2020-03-18 20:26:50 UTC"}, {"From": "hippie_jleigh", "Media Type": "IMAGE", "Created": "2020-03-18 20:21:18 UTC"}, {"From": "ericabrookrich", "Media Type": "VIDEO", "Created": "2020-03-18 20:06:12 UTC"}, {"From": "ericabrookrich", "Media Type": "VIDEO", "Created": "2020-03-18 20:05:58 UTC"}, {"From": "ericabrookrich", "Media Type": "IMAGE", "Created": "2020-03-18 20:02:08 UTC"}, {"From": "hippie_jleigh", "Media Type": "VIDEO", "Created": "2020-03-18 16:51:48 UTC"}, {"From": "hippie_jleigh", "Media Type": "VIDEO", "Created": "2020-03-18 16:44:33 UTC"}, {"From": "ericabrookrich", "Media Type": "VIDEO", "Created": "2020-03-18 15:58:00 UTC"}, {"From": "ericabrookrich", "Media Type": "VIDEO", "Created": "2020-03-18 15:57:59 UTC"}, {"From": "ericabrookrich", "Media Type": "VIDEO", "Created": "2020-03-18 15:57:58 UTC"}, {"From": "ericabrookrich", "Media Type": "VIDEO", "Created": "2020-03-18 15:57:57 UTC"}, {"From": "ericabrookrich", "Media Type": "VIDEO", "Created": "2020-03-18 15:57:52 UTC"}, {"From": "ericabrookrich", "Media Type": "VIDEO", "Created": "2020-03-18 15:57:40 UTC"}, {"From": "ericabrookrich", "Media Type": "VIDEO", "Created": "2020-03-18 15:09:23 UTC"}, {"From": "ericabrookrich", "Media Type": "VIDEO", "Created": "2020-03-18 15:09:21 UTC"}, {"From": "ericabrookrich", "Media Type": "IMAGE", "Created": "2020-03-18 15:07:38 UTC"}, {"From": "rich_amanda", "Media Type": "IMAGE", "Created": "2020-03-18 14:30:56 UTC"}, {"From": "ericabrookrich", "Media Type": "VIDEO", "Created": "2020-03-18 13:10:32 UTC"}, {"From": "nikki_rich3", "Media Type": "VIDEO", "Created": "2020-03-18 12:33:37 UTC"}, {"From": "lisapoo23", "Media Type": "IMAGE", "Created": "2020-03-18 02:07:35 UTC"}, {"From": "hippie_jleigh", "Media Type": "VIDEO", "Created": "2020-03-18 02:06:30 UTC"}, {"From": "hippie_jleigh", "Media Type": "IMAGE", "Created": "2020-03-18 01:57:30 UTC"}, {"From": "hippie_jleigh", "Media Type": "IMAGE", "Created": "2020-03-18 00:10:34 UTC"}, {"From": "moo1345moo", "Media Type": "IMAGE", "Created": "2020-03-18 00:10:05 UTC"}, {"From": "rich_amanda", "Media Type": "IMAGE", "Created": "2020-03-18 00:08:22 UTC"}, {"From": "queenbishop302", "Media Type": "VIDEO", "Created": "2020-03-17 23:10:08 UTC"}, {"From": "queenbishop302", "Media Type": "VIDEO", "Created": "2020-03-17 23:10:07 UTC"}, {"From": "queenbishop302", "Media Type": "VIDEO", "Created": "2020-03-17 23:10:07 UTC"}, {"From": "queenbishop302", "Media Type": "VIDEO", "Created": "2020-03-17 23:10:06 UTC"}, {"From": "queenbishop302", "Media Type": "VIDEO", "Created": "2020-03-17 23:10:06 UTC"}, {"From": "nikki_rich3", "Media Type": "IMAGE", "Created": "2020-03-17 22:39:29 UTC"}, {"From": "scarborok", "Media Type": "IMAGE", "Created": "2020-03-17 21:52:33 UTC"}, {"From": "ericabrookrich", "Media Type": "IMAGE", "Created": "2020-03-17 21:18:56 UTC"}, {"From": "lisapoo23", "Media Type": "IMAGE", "Created": "2020-03-17 21:18:32 UTC"}, {"From": "lisapoo23", "Media Type": "IMAGE", "Created": "2020-03-17 21:17:49 UTC"}, {"From": "ericabrookrich", "Media Type": "VIDEO", "Created": "2020-03-17 20:45:57 UTC"}, {"From": "ericabrookrich", "Media Type": "VIDEO", "Created": "2020-03-17 20:45:34 UTC"}, {"From": "ericabrookrich", "Media Type": "VIDEO", "Created": "2020-03-17 20:45:19 UTC"}, {"From": "ericabrookrich", "Media Type": "IMAGE", "Created": "2020-03-17 20:39:35 UTC"}, {"From": "ericabrookrich", "Media Type": "VIDEO", "Created": "2020-03-17 20:38:24 UTC"}, {"From": "hippie_jleigh", "Media Type": "VIDEO", "Created": "2020-03-17 10:34:44 UTC"}, {"From": "adikkie12", "Media Type": "IMAGE", "Created": "2020-03-17 04:41:51 UTC"}, {"From": "ericabrookrich", "Media Type": "VIDEO", "Created": "2020-03-17 00:09:13 UTC"}, {"From": "ericabrookrich", "Media Type": "VIDEO", "Created": "2020-03-17 00:08:35 UTC"}, {"From": "ericabrookrich", "Media Type": "VIDEO", "Created": "2020-03-17 00:08:11 UTC"}, {"From": "ericabrookrich", "Media Type": "VIDEO", "Created": "2020-03-17 00:08:01 UTC"}, {"From": "scarborok", "Media Type": "IMAGE", "Created": "2020-03-16 21:49:16 UTC"}, {"From": "apwaters", "Media Type": "VIDEO", "Created": "2020-03-16 21:28:52 UTC"}, {"From": "scarborok", "Media Type": "IMAGE", "Created": "2020-03-16 21:06:00 UTC"}, {"From": "ericabrookrich", "Media Type": "IMAGE", "Created": "2020-03-16 16:45:03 UTC"}, {"From": "ericabrookrich", "Media Type": "IMAGE", "Created": "2020-03-16 16:42:43 UTC"}, {"From": "hippie_jleigh", "Media Type": "IMAGE", "Created": "2020-03-16 16:24:02 UTC"}, {"From": "ericabrookrich", "Media Type": "VIDEO", "Created": "2020-03-16 16:15:12 UTC"}, {"From": "ericabrookrich", "Media Type": "VIDEO", "Created": "2020-03-16 16:15:11 UTC"}, {"From": "ericabrookrich", "Media Type": "VIDEO", "Created": "2020-03-16 16:15:00 UTC"}, {"From": "ericabrookrich", "Media Type": "VIDEO", "Created": "2020-03-16 16:14:57 UTC"}, {"From": "ericabrookrich", "Media Type": "VIDEO", "Created": "2020-03-16 16:09:47 UTC"}, {"From": "nikki_rich3", "Media Type": "IMAGE", "Created": "2020-03-16 14:47:57 UTC"}, {"From": "ericabrookrich", "Media Type": "VIDEO", "Created": "2020-03-16 13:52:50 UTC"}, {"From": "ericabrookrich", "Media Type": "VIDEO", "Created": "2020-03-16 13:52:48 UTC"}, {"From": "ericabrookrich", "Media Type": "VIDEO", "Created": "2020-03-16 13:52:47 UTC"}, {"From": "ericabrookrich", "Media Type": "VIDEO", "Created": "2020-03-16 13:52:46 UTC"}, {"From": "sandiethompson4", "Media Type": "VIDEO", "Created": "2020-03-15 20:52:58 UTC"}, {"From": "ericabrookrich", "Media Type": "IMAGE", "Created": "2020-03-15 20:52:47 UTC"}, {"From": "sandiethompson4", "Media Type": "VIDEO", "Created": "2020-03-15 20:52:42 UTC"}, {"From": "sandiethompson4", "Media Type": "VIDEO", "Created": "2020-03-15 20:52:28 UTC"}, {"From": "sandiethompson4", "Media Type": "VIDEO", "Created": "2020-03-15 20:52:13 UTC"}, {"From": "sandiethompson4", "Media Type": "VIDEO", "Created": "2020-03-15 20:52:05 UTC"}, {"From": "sandiethompson4", "Media Type": "VIDEO", "Created": "2020-03-15 20:51:54 UTC"}, {"From": "momma-chell", "Media Type": "IMAGE", "Created": "2020-03-15 18:27:24 UTC"}, {"From": "hippie_jleigh", "Media Type": "IMAGE", "Created": "2020-03-15 16:13:53 UTC"}, {"From": "scarborok", "Media Type": "IMAGE", "Created": "2020-03-15 15:51:21 UTC"}, {"From": "lisapoo23", "Media Type": "IMAGE", "Created": "2020-03-15 14:38:19 UTC"}, {"From": "lisapoo23", "Media Type": "IMAGE", "Created": "2020-03-15 11:38:20 UTC"}, {"From": "lisapoo23", "Media Type": "VIDEO", "Created": "2020-03-15 11:36:17 UTC"}, {"From": "lisapoo23", "Media Type": "VIDEO", "Created": "2020-03-15 11:36:16 UTC"}, {"From": "lisapoo23", "Media Type": "VIDEO", "Created": "2020-03-15 11:36:14 UTC"}, {"From": "lisapoo23", "Media Type": "VIDEO", "Created": "2020-03-15 11:30:06 UTC"}, {"From": "lisapoo23", "Media Type": "VIDEO", "Created": "2020-03-15 11:30:05 UTC"}, {"From": "hippie_jleigh", "Media Type": "IMAGE", "Created": "2020-03-15 01:20:33 UTC"}, {"From": "adikkie12", "Media Type": "IMAGE", "Created": "2020-03-14 23:06:25 UTC"}, {"From": "adikkie12", "Media Type": "IMAGE", "Created": "2020-03-14 23:05:59 UTC"}, {"From": "hippie_jleigh", "Media Type": "IMAGE", "Created": "2020-03-14 22:49:21 UTC"}, {"From": "moo1345moo", "Media Type": "IMAGE", "Created": "2020-03-14 22:36:51 UTC"}, {"From": "hippie_jleigh", "Media Type": "IMAGE", "Created": "2020-03-14 22:06:41 UTC"}, {"From": "ericabrookrich", "Media Type": "IMAGE", "Created": "2020-03-14 21:45:24 UTC"}, {"From": "ericabrookrich", "Media Type": "IMAGE", "Created": "2020-03-14 21:42:24 UTC"}, {"From": "ericabrookrich", "Media Type": "VIDEO", "Created": "2020-03-14 21:34:03 UTC"}, {"From": "ericabrookrich", "Media Type": "VIDEO", "Created": "2020-03-14 21:34:02 UTC"}, {"From": "adikkie12", "Media Type": "IMAGE", "Created": "2020-03-14 21:29:23 UTC"}, {"From": "ericabrookrich", "Media Type": "VIDEO", "Created": "2020-03-14 21:23:37 UTC"}, {"From": "hippie_jleigh", "Media Type": "IMAGE", "Created": "2020-03-14 20:58:38 UTC"}, {"From": "moo1345moo", "Media Type": "IMAGE", "Created": "2020-03-14 19:50:44 UTC"}, {"From": "moo1345moo", "Media Type": "IMAGE", "Created": "2020-03-14 19:17:47 UTC"}, {"From": "rich_amanda", "Media Type": "VIDEO", "Created": "2020-03-14 19:06:51 UTC"}, {"From": "hippie_jleigh", "Media Type": "VIDEO", "Created": "2020-03-13 23:27:03 UTC"}, {"From": "hippie_jleigh", "Media Type": "VIDEO", "Created": "2020-03-13 23:27:01 UTC"}, {"From": "hippie_jleigh", "Media Type": "VIDEO", "Created": "2020-03-13 23:10:16 UTC"}, {"From": "hippie_jleigh", "Media Type": "VIDEO", "Created": "2020-03-13 23:10:13 UTC"}, {"From": "hippie_jleigh", "Media Type": "IMAGE", "Created": "2020-03-13 23:03:34 UTC"}, {"From": "scarborok", "Media Type": "IMAGE", "Created": "2020-03-13 19:00:21 UTC"}, {"From": "hippie_jleigh", "Media Type": "IMAGE", "Created": "2020-03-13 17:08:47 UTC"}, {"From": "ericabrookrich", "Media Type": "IMAGE", "Created": "2020-03-13 16:20:02 UTC"}, {"From": "ericabrookrich", "Media Type": "IMAGE", "Created": "2020-03-13 16:11:23 UTC"}, {"From": "ericabrookrich", "Media Type": "IMAGE", "Created": "2020-03-13 16:07:59 UTC"}, {"From": "ericabrookrich", "Media Type": "VIDEO", "Created": "2020-03-13 16:06:03 UTC"}, {"From": "ericabrookrich", "Media Type": "VIDEO", "Created": "2020-03-13 16:06:01 UTC"}, {"From": "scarborok", "Media Type": "IMAGE", "Created": "2020-03-13 02:42:22 UTC"}, {"From": "nikki_rich3", "Media Type": "IMAGE", "Created": "2020-03-13 00:37:50 UTC"}, {"From": "hippie_jleigh", "Media Type": "IMAGE", "Created": "2020-03-12 23:22:19 UTC"}, {"From": "adikkie12", "Media Type": "VIDEO", "Created": "2020-03-12 23:14:53 UTC"}, {"From": "ericabrookrich", "Media Type": "VIDEO", "Created": "2020-03-12 22:14:36 UTC"}, {"From": "ericabrookrich", "Media Type": "VIDEO", "Created": "2020-03-12 22:13:24 UTC"}, {"From": "adikkie12", "Media Type": "IMAGE", "Created": "2020-03-12 20:54:03 UTC"}, {"From": "rich_amanda", "Media Type": "IMAGE", "Created": "2020-03-12 19:28:28 UTC"}, {"From": "adikkie12", "Media Type": "IMAGE", "Created": "2020-03-12 18:36:22 UTC"}, {"From": "ericabrookrich", "Media Type": "VIDEO", "Created": "2020-03-12 14:53:08 UTC"}, {"From": "ericabrookrich", "Media Type": "VIDEO", "Created": "2020-03-12 14:53:05 UTC"}, {"From": "ericabrookrich", "Media Type": "VIDEO", "Created": "2020-03-12 14:52:48 UTC"}, {"From": "scarborok", "Media Type": "VIDEO", "Created": "2020-03-01 01:29:38 UTC"}, {"From": "scarborok", "Media Type": "VIDEO", "Created": "2020-03-01 01:29:09 UTC"}, {"From": "moo1345moo", "Media Type": "IMAGE", "Created": "2020-02-29 22:17:21 UTC"}, {"From": "adikkie12", "Media Type": "IMAGE", "Created": "2020-02-29 21:48:15 UTC"}, {"From": "adikkie12", "Media Type": "VIDEO", "Created": "2020-02-29 21:43:41 UTC"}, {"From": "adikkie12", "Media Type": "VIDEO", "Created": "2020-02-29 21:43:41 UTC"}, {"From": "adikkie12", "Media Type": "VIDEO", "Created": "2020-02-29 21:43:40 UTC"}, {"From": "adikkie12", "Media Type": "IMAGE", "Created": "2020-02-29 19:08:25 UTC"}, {"From": "adikkie12", "Media Type": "IMAGE", "Created": "2020-02-29 18:57:21 UTC"}, {"From": "moo1345moo", "Media Type": "IMAGE", "Created": "2020-02-29 17:21:21 UTC"}, {"From": "ericabrookrich", "Media Type": "IMAGE", "Created": "2020-02-29 16:19:29 UTC"}, {"From": "jacesacrboro", "Media Type": "IMAGE", "Created": "2020-02-29 12:30:32 UTC"}, {"From": "hippie_jleigh", "Media Type": "IMAGE", "Created": "2020-02-29 10:26:40 UTC"}, {"From": "adikkie12", "Media Type": "IMAGE", "Created": "2020-02-29 05:57:57 UTC"}, {"From": "adikkie12", "Media Type": "IMAGE", "Created": "2020-02-29 05:57:21 UTC"}, {"From": "adikkie12", "Media Type": "IMAGE", "Created": "2020-02-29 05:37:57 UTC"}, {"From": "adikkie12", "Media Type": "IMAGE", "Created": "2020-02-29 05:34:15 UTC"}, {"From": "lisapoo23", "Media Type": "VIDEO", "Created": "2020-02-29 04:48:01 UTC"}, {"From": "lisapoo23", "Media Type": "VIDEO", "Created": "2020-02-29 04:48:00 UTC"}, {"From": "ericabrookrich", "Media Type": "VIDEO", "Created": "2020-02-29 02:49:35 UTC"}, {"From": "ericabrookrich", "Media Type": "VIDEO", "Created": "2020-02-29 02:49:21 UTC"}, {"From": "ericabrookrich", "Media Type": "VIDEO", "Created": "2020-02-29 02:49:20 UTC"}, {"From": "ericabrookrich", "Media Type": "VIDEO", "Created": "2020-02-29 02:49:19 UTC"}, {"From": "ericabrookrich", "Media Type": "VIDEO", "Created": "2020-02-29 02:49:18 UTC"}, {"From": "ericabrookrich", "Media Type": "IMAGE", "Created": "2020-02-29 02:36:25 UTC"}, {"From": "ericabrookrich", "Media Type": "VIDEO", "Created": "2020-02-29 02:36:04 UTC"}, {"From": "ericabrookrich", "Media Type": "VIDEO", "Created": "2020-02-29 02:36:02 UTC"}, {"From": "ericabrookrich", "Media Type": "VIDEO", "Created": "2020-02-29 02:36:00 UTC"}, {"From": "ericabrookrich", "Media Type": "IMAGE", "Created": "2020-02-29 02:25:02 UTC"}, {"From": "moo1345moo", "Media Type": "IMAGE", "Created": "2020-02-29 02:24:58 UTC"}, {"From": "ericabrookrich", "Media Type": "IMAGE", "Created": "2020-02-29 02:23:04 UTC"}, {"From": "lisapoo23", "Media Type": "VIDEO", "Created": "2020-02-29 02:10:47 UTC"}, {"From": "scarborok", "Media Type": "IMAGE", "Created": "2020-02-28 23:06:25 UTC"}, {"From": "ericabrookrich", "Media Type": "VIDEO", "Created": "2020-02-28 22:13:21 UTC"}, {"From": "ericabrookrich", "Media Type": "VIDEO", "Created": "2020-02-28 22:13:16 UTC"}, {"From": "ericabrookrich", "Media Type": "VIDEO", "Created": "2020-02-28 22:13:10 UTC"}, {"From": "ericabrookrich", "Media Type": "VIDEO", "Created": "2020-02-28 22:12:59 UTC"}, {"From": "hippie_jleigh", "Media Type": "IMAGE", "Created": "2020-02-28 16:02:58 UTC"}, {"From": "adikkie12", "Media Type": "IMAGE", "Created": "2020-02-28 14:21:13 UTC"}, {"From": "adikkie12", "Media Type": "IMAGE", "Created": "2020-02-28 13:28:15 UTC"}, {"From": "adikkie12", "Media Type": "VIDEO", "Created": "2020-02-28 13:09:21 UTC"}, {"From": "adikkie12", "Media Type": "VIDEO", "Created": "2020-02-28 13:09:19 UTC"}, {"From": "adikkie12", "Media Type": "VIDEO", "Created": "2020-02-28 13:09:17 UTC"}, {"From": "adikkie12", "Media Type": "VIDEO", "Created": "2020-02-28 13:09:17 UTC"}, {"From": "adikkie12", "Media Type": "VIDEO", "Created": "2020-02-28 13:09:13 UTC"}, {"From": "adikkie12", "Media Type": "VIDEO", "Created": "2020-02-28 13:09:13 UTC"}, {"From": "scarborok", "Media Type": "VIDEO", "Created": "2020-02-28 12:56:33 UTC"}, {"From": "scarborok", "Media Type": "VIDEO", "Created": "2020-02-28 12:56:33 UTC"}, {"From": "scarborok", "Media Type": "VIDEO", "Created": "2020-02-28 12:56:32 UTC"}, {"From": "hippie_jleigh", "Media Type": "IMAGE", "Created": "2020-02-28 11:11:36 UTC"}, {"From": "hippie_jleigh", "Media Type": "IMAGE", "Created": "2020-02-28 10:08:31 UTC"}, {"From": "hippie_jleigh", "Media Type": "IMAGE", "Created": "2020-02-28 02:32:09 UTC"}, {"From": "adikkie12", "Media Type": "IMAGE", "Created": "2020-02-28 01:23:11 UTC"}, {"From": "hippie_jleigh", "Media Type": "IMAGE", "Created": "2020-02-27 23:24:49 UTC"}, {"From": "ericabrookrich", "Media Type": "VIDEO", "Created": "2020-02-27 22:10:55 UTC"}, {"From": "ericabrookrich", "Media Type": "VIDEO", "Created": "2020-02-27 22:10:55 UTC"}, {"From": "ericabrookrich", "Media Type": "VIDEO", "Created": "2020-02-27 22:10:53 UTC"}, {"From": "hippie_jleigh", "Media Type": "IMAGE", "Created": "2020-02-27 18:26:05 UTC"}, {"From": "ericabrookrich", "Media Type": "IMAGE", "Created": "2020-02-27 17:43:47 UTC"}, {"From": "ericabrookrich", "Media Type": "VIDEO", "Created": "2020-02-27 17:42:52 UTC"}, {"From": "ericabrookrich", "Media Type": "VIDEO", "Created": "2020-02-27 17:42:47 UTC"}, {"From": "momma-chell", "Media Type": "IMAGE", "Created": "2020-02-27 17:01:33 UTC"}, {"From": "scarborok", "Media Type": "VIDEO", "Created": "2020-03-12 12:01:43 UTC"}, {"From": "scarborok", "Media Type": "VIDEO", "Created": "2020-03-12 12:01:42 UTC"}, {"From": "scarborok", "Media Type": "VIDEO", "Created": "2020-03-12 12:01:42 UTC"}, {"From": "scarborok", "Media Type": "VIDEO", "Created": "2020-03-12 12:01:42 UTC"}, {"From": "hippie_jleigh", "Media Type": "IMAGE", "Created": "2020-03-12 10:11:14 UTC"}, {"From": "adikkie12", "Media Type": "IMAGE", "Created": "2020-03-12 01:59:34 UTC"}, {"From": "lisapoo23", "Media Type": "VIDEO", "Created": "2020-03-12 00:28:26 UTC"}, {"From": "lisapoo23", "Media Type": "VIDEO", "Created": "2020-03-12 00:28:25 UTC"}, {"From": "hippie_jleigh", "Media Type": "IMAGE", "Created": "2020-03-11 23:10:41 UTC"}, {"From": "adikkie12", "Media Type": "IMAGE", "Created": "2020-03-11 18:49:14 UTC"}, {"From": "scarborok", "Media Type": "IMAGE", "Created": "2020-03-11 18:47:24 UTC"}, {"From": "ericabrookrich", "Media Type": "IMAGE", "Created": "2020-03-11 18:36:31 UTC"}, {"From": "ericabrookrich", "Media Type": "VIDEO", "Created": "2020-03-11 14:22:23 UTC"}, {"From": "ericabrookrich", "Media Type": "VIDEO", "Created": "2020-03-11 14:22:17 UTC"}, {"From": "adikkie12", "Media Type": "VIDEO", "Created": "2020-03-11 11:47:55 UTC"}, {"From": "adikkie12", "Media Type": "VIDEO", "Created": "2020-03-11 11:47:54 UTC"}, {"From": "hippie_jleigh", "Media Type": "IMAGE", "Created": "2020-03-11 10:07:47 UTC"}, {"From": "hippie_jleigh", "Media Type": "IMAGE", "Created": "2020-03-11 01:58:18 UTC"}, {"From": "hippie_jleigh", "Media Type": "IMAGE", "Created": "2020-03-11 01:37:05 UTC"}, {"From": "rich_amanda", "Media Type": "VIDEO", "Created": "2020-03-10 23:29:22 UTC"}, {"From": "hippie_jleigh", "Media Type": "IMAGE", "Created": "2020-03-10 22:29:04 UTC"}, {"From": "scarborok", "Media Type": "IMAGE", "Created": "2020-03-10 21:47:17 UTC"}, {"From": "hippie_jleigh", "Media Type": "IMAGE", "Created": "2020-03-10 21:41:13 UTC"}, {"From": "adikkie12", "Media Type": "IMAGE", "Created": "2020-03-10 21:36:03 UTC"}, {"From": "nikki_rich3", "Media Type": "VIDEO", "Created": "2020-03-10 20:59:04 UTC"}, {"From": "hippie_jleigh", "Media Type": "IMAGE", "Created": "2020-03-10 20:27:14 UTC"}, {"From": "adikkie12", "Media Type": "IMAGE", "Created": "2020-03-10 19:59:15 UTC"}, {"From": "adikkie12", "Media Type": "IMAGE", "Created": "2020-03-10 19:48:48 UTC"}, {"From": "adikkie12", "Media Type": "IMAGE", "Created": "2020-03-10 19:44:23 UTC"}, {"From": "adikkie12", "Media Type": "IMAGE", "Created": "2020-03-10 19:37:39 UTC"}, {"From": "queenbishop302", "Media Type": "IMAGE", "Created": "2020-03-10 03:13:21 UTC"}, {"From": "queenbishop302", "Media Type": "IMAGE", "Created": "2020-03-10 03:08:38 UTC"}, {"From": "hippie_jleigh", "Media Type": "IMAGE", "Created": "2020-03-10 02:24:33 UTC"}, {"From": "hippie_jleigh", "Media Type": "IMAGE", "Created": "2020-03-10 01:42:10 UTC"}, {"From": "hippie_jleigh", "Media Type": "IMAGE", "Created": "2020-03-09 21:18:48 UTC"}, {"From": "rich_amanda", "Media Type": "IMAGE", "Created": "2020-03-09 20:18:25 UTC"}, {"From": "markingyo", "Media Type": "IMAGE", "Created": "2020-03-09 15:30:36 UTC"}, {"From": "markingyo", "Media Type": "IMAGE", "Created": "2020-03-09 15:26:33 UTC"}, {"From": "markingyo", "Media Type": "IMAGE", "Created": "2020-03-09 15:14:15 UTC"}, {"From": "queenbishop302", "Media Type": "IMAGE", "Created": "2020-03-09 13:26:56 UTC"}, {"From": "adikkie12", "Media Type": "IMAGE", "Created": "2020-03-09 00:04:42 UTC"}, {"From": "markingyo", "Media Type": "IMAGE", "Created": "2020-03-08 23:17:40 UTC"}, {"From": "markingyo", "Media Type": "IMAGE", "Created": "2020-03-08 23:13:34 UTC"}, {"From": "adikkie12", "Media Type": "IMAGE", "Created": "2020-03-08 23:07:51 UTC"}, {"From": "markingyo", "Media Type": "IMAGE", "Created": "2020-03-08 23:06:31 UTC"}, {"From": "lisapoo23", "Media Type": "VIDEO", "Created": "2020-03-08 22:56:00 UTC"}, {"From": "lisapoo23", "Media Type": "VIDEO", "Created": "2020-03-08 22:55:59 UTC"}, {"From": "markingyo", "Media Type": "IMAGE", "Created": "2020-03-08 22:55:08 UTC"}, {"From": "lisapoo23", "Media Type": "VIDEO", "Created": "2020-03-08 22:54:37 UTC"}, {"From": "lisapoo23", "Media Type": "VIDEO", "Created": "2020-03-08 22:54:36 UTC"}, {"From": "lisapoo23", "Media Type": "VIDEO", "Created": "2020-03-08 22:54:35 UTC"}, {"From": "lisapoo23", "Media Type": "VIDEO", "Created": "2020-03-08 22:54:08 UTC"}, {"From": "lisapoo23", "Media Type": "VIDEO", "Created": "2020-03-08 22:54:08 UTC"}, {"From": "lisapoo23", "Media Type": "VIDEO", "Created": "2020-03-08 22:54:04 UTC"}, {"From": "lisapoo23", "Media Type": "VIDEO", "Created": "2020-03-08 22:54:03 UTC"}, {"From": "lisapoo23", "Media Type": "VIDEO", "Created": "2020-03-08 22:52:03 UTC"}, {"From": "lisapoo23", "Media Type": "VIDEO", "Created": "2020-03-08 22:51:17 UTC"}, {"From": "lisapoo23", "Media Type": "VIDEO", "Created": "2020-03-08 22:51:16 UTC"}, {"From": "lisapoo23", "Media Type": "VIDEO", "Created": "2020-03-08 22:51:10 UTC"}, {"From": "markingyo", "Media Type": "IMAGE", "Created": "2020-03-08 22:48:34 UTC"}, {"From": "markingyo", "Media Type": "IMAGE", "Created": "2020-03-08 22:46:11 UTC"}, {"From": "markingyo", "Media Type": "IMAGE", "Created": "2020-03-08 22:44:05 UTC"}, {"From": "hippie_jleigh", "Media Type": "IMAGE", "Created": "2020-03-08 22:43:56 UTC"}, {"From": "adikkie12", "Media Type": "IMAGE", "Created": "2020-03-08 22:43:47 UTC"}, {"From": "hippie_jleigh", "Media Type": "IMAGE", "Created": "2020-03-08 22:17:48 UTC"}, {"From": "rich_amanda", "Media Type": "IMAGE", "Created": "2020-03-08 21:55:51 UTC"}, {"From": "moo1345moo", "Media Type": "IMAGE", "Created": "2020-03-08 21:01:11 UTC"}, {"From": "teamsnapchat", "Media Type": "VIDEO", "Created": "2020-03-08 17:31:58 UTC"}, {"From": "hippie_jleigh", "Media Type": "IMAGE", "Created": "2020-03-08 16:21:54 UTC"}, {"From": "ericabrookrich", "Media Type": "VIDEO", "Created": "2020-03-08 00:52:45 UTC"}, {"From": "ericabrookrich", "Media Type": "VIDEO", "Created": "2020-03-08 00:52:40 UTC"}, {"From": "ericabrookrich", "Media Type": "VIDEO", "Created": "2020-03-08 00:52:37 UTC"}, {"From": "ericabrookrich", "Media Type": "VIDEO", "Created": "2020-03-08 00:52:32 UTC"}, {"From": "scarborok", "Media Type": "VIDEO", "Created": "2020-03-08 00:38:37 UTC"}, {"From": "scarborok", "Media Type": "IMAGE", "Created": "2020-03-08 00:16:32 UTC"}, {"From": "ericabrookrich", "Media Type": "IMAGE", "Created": "2020-03-07 23:58:55 UTC"}, {"From": "ericabrookrich", "Media Type": "IMAGE", "Created": "2020-03-07 23:58:34 UTC"}, {"From": "ericabrookrich", "Media Type": "IMAGE", "Created": "2020-03-07 22:14:00 UTC"}, {"From": "scarborok", "Media Type": "IMAGE", "Created": "2020-03-07 20:54:50 UTC"}, {"From": "ericabrookrich", "Media Type": "IMAGE", "Created": "2020-03-07 15:50:01 UTC"}, {"From": "hippie_jleigh", "Media Type": "IMAGE", "Created": "2020-03-07 14:51:55 UTC"}, {"From": "ericabrookrich", "Media Type": "IMAGE", "Created": "2020-03-07 02:37:35 UTC"}, {"From": "ericabrookrich", "Media Type": "IMAGE", "Created": "2020-03-07 02:35:30 UTC"}, {"From": "markingyo", "Media Type": "IMAGE", "Created": "2020-03-07 02:04:49 UTC"}, {"From": "markingyo", "Media Type": "IMAGE", "Created": "2020-03-07 02:03:38 UTC"}, {"From": "markingyo", "Media Type": "IMAGE", "Created": "2020-03-07 02:02:15 UTC"}, {"From": "markingyo", "Media Type": "IMAGE", "Created": "2020-03-07 01:59:33 UTC"}, {"From": "markingyo", "Media Type": "IMAGE", "Created": "2020-03-07 01:55:48 UTC"}, {"From": "markingyo", "Media Type": "IMAGE", "Created": "2020-03-07 01:53:21 UTC"}, {"From": "markingyo", "Media Type": "IMAGE", "Created": "2020-03-07 01:47:35 UTC"}, {"From": "markingyo", "Media Type": "IMAGE", "Created": "2020-03-07 01:41:43 UTC"}, {"From": "markingyo", "Media Type": "IMAGE", "Created": "2020-03-07 01:35:30 UTC"}, {"From": "markingyo", "Media Type": "IMAGE", "Created": "2020-03-07 01:30:49 UTC"}, {"From": "markingyo", "Media Type": "IMAGE", "Created": "2020-03-07 01:28:33 UTC"}, {"From": "markingyo", "Media Type": "IMAGE", "Created": "2020-03-07 01:26:23 UTC"}, {"From": "markingyo", "Media Type": "IMAGE", "Created": "2020-03-07 01:24:09 UTC"}, {"From": "markingyo", "Media Type": "IMAGE", "Created": "2020-03-07 01:20:43 UTC"}, {"From": "markingyo", "Media Type": "IMAGE", "Created": "2020-03-07 01:17:29 UTC"}, {"From": "adikkie12", "Media Type": "IMAGE", "Created": "2020-03-06 23:16:32 UTC"}, {"From": "scarborok", "Media Type": "VIDEO", "Created": "2020-03-06 22:40:32 UTC"}, {"From": "scarborok", "Media Type": "VIDEO", "Created": "2020-03-06 22:40:32 UTC"}, {"From": "scarborok", "Media Type": "VIDEO", "Created": "2020-03-06 22:39:27 UTC"}, {"From": "scarborok", "Media Type": "VIDEO", "Created": "2020-03-06 22:39:27 UTC"}, {"From": "scarborok", "Media Type": "VIDEO", "Created": "2020-03-06 22:39:26 UTC"}, {"From": "scarborok", "Media Type": "VIDEO", "Created": "2020-03-06 22:39:22 UTC"}, {"From": "hippie_jleigh", "Media Type": "IMAGE", "Created": "2020-03-06 22:18:15 UTC"}, {"From": "queenbishop302", "Media Type": "IMAGE", "Created": "2020-03-06 21:38:33 UTC"}, {"From": "queenbishop302", "Media Type": "IMAGE", "Created": "2020-03-06 21:35:27 UTC"}, {"From": "ericabrookrich", "Media Type": "VIDEO", "Created": "2020-03-06 19:30:56 UTC"}, {"From": "ericabrookrich", "Media Type": "VIDEO", "Created": "2020-03-06 19:30:55 UTC"}, {"From": "ericabrookrich", "Media Type": "VIDEO", "Created": "2020-03-06 19:30:21 UTC"}, {"From": "hippie_jleigh", "Media Type": "IMAGE", "Created": "2020-03-06 10:41:37 UTC"}, {"From": "lisapoo23", "Media Type": "VIDEO", "Created": "2020-03-06 04:18:08 UTC"}, {"From": "lisapoo23", "Media Type": "VIDEO", "Created": "2020-03-06 04:18:07 UTC"}, {"From": "aemj26", "Media Type": "IMAGE", "Created": "2020-03-06 03:23:52 UTC"}, {"From": "hippie_jleigh", "Media Type": "IMAGE", "Created": "2020-03-06 02:14:03 UTC"}, {"From": "ericabrookrich", "Media Type": "IMAGE", "Created": "2020-03-05 17:34:24 UTC"}, {"From": "nikki_rich3", "Media Type": "VIDEO", "Created": "2020-03-05 16:17:25 UTC"}, {"From": "ericabrookrich", "Media Type": "VIDEO", "Created": "2020-03-05 15:13:29 UTC"}, {"From": "ericabrookrich", "Media Type": "VIDEO", "Created": "2020-03-05 15:13:22 UTC"}, {"From": "ericabrookrich", "Media Type": "VIDEO", "Created": "2020-03-05 15:12:22 UTC"}, {"From": "ericabrookrich", "Media Type": "VIDEO", "Created": "2020-03-05 15:12:18 UTC"}, {"From": "ericabrookrich", "Media Type": "VIDEO", "Created": "2020-03-05 15:11:51 UTC"}, {"From": "ericabrookrich", "Media Type": "VIDEO", "Created": "2020-03-05 15:11:41 UTC"}, {"From": "momma-chell", "Media Type": "IMAGE", "Created": "2020-03-05 15:05:11 UTC"}, {"From": "hippie_jleigh", "Media Type": "IMAGE", "Created": "2020-03-05 10:37:05 UTC"}, {"From": "hippie_jleigh", "Media Type": "IMAGE", "Created": "2020-03-05 00:56:33 UTC"}], "Sent Snap History": [{"To": "adikkie12", "Media Type": "IMAGE", "Created": "2020-03-16 02:40:03 UTC"}, {"To": "hippie_jleigh", "Media Type": "IMAGE", "Created": "2020-03-16 02:40:03 UTC"}, {"To": "ericabrookrich", "Media Type": "IMAGE", "Created": "2020-03-16 02:40:03 UTC"}, {"To": "lisapoo23", "Media Type": "IMAGE", "Created": "2020-03-26 23:22:43 UTC"}, {"To": "nikki_rich3", "Media Type": "IMAGE", "Created": "2020-03-16 02:40:03 UTC"}, {"To": "nikki_rich3", "Media Type": "IMAGE", "Created": "2020-03-26 23:22:43 UTC"}, {"To": "adikkie12", "Media Type": "IMAGE", "Created": "2020-03-26 23:22:43 UTC"}, {"To": "hippie_jleigh", "Media Type": "IMAGE", "Created": "2020-03-26 23:22:43 UTC"}, {"To": "moo1345moo", "Media Type": "IMAGE", "Created": "2020-03-26 23:22:43 UTC"}, {"To": "scarborok", "Media Type": "IMAGE", "Created": "2020-03-16 02:40:03 UTC"}, {"To": "nikki_rich3", "Media Type": "IMAGE", "Created": "2020-03-15 15:28:47 UTC"}, {"To": "adikkie12", "Media Type": "IMAGE", "Created": "2020-03-14 22:45:15 UTC"}, {"To": "scarborok", "Media Type": "IMAGE", "Created": "2020-03-26 23:22:43 UTC"}, {"To": "ericabrookrich", "Media Type": "IMAGE", "Created": "2020-03-26 23:22:43 UTC"}, {"To": "rich_amanda", "Media Type": "IMAGE", "Created": "2020-03-26 23:22:43 UTC"}, {"To": "adikkie12", "Media Type": "VIDEO", "Created": "2020-03-14 22:35:52 UTC"}, {"To": "ericabrookrich", "Media Type": "VIDEO", "Created": "2020-03-14 22:35:52 UTC"}, {"To": "moo1345moo", "Media Type": "IMAGE", "Created": "2020-03-14 22:29:19 UTC"}, {"To": "scarborok", "Media Type": "IMAGE", "Created": "2020-03-14 22:29:19 UTC"}, {"To": "adikkie12", "Media Type": "IMAGE", "Created": "2020-03-14 22:29:19 UTC"}, {"To": "nikki_rich3", "Media Type": "IMAGE", "Created": "2020-03-14 22:29:19 UTC"}, {"To": "ericabrookrich", "Media Type": "IMAGE", "Created": "2020-03-14 22:29:19 UTC"}, {"To": "lisapoo23", "Media Type": "IMAGE", "Created": "2020-03-14 22:29:19 UTC"}, {"To": "hippie_jleigh", "Media Type": "IMAGE", "Created": "2020-03-14 22:29:19 UTC"}, {"To": "hippie_jleigh", "Media Type": "VIDEO", "Created": "2020-03-26 22:26:34 UTC"}, {"To": "moo1345moo", "Media Type": "VIDEO", "Created": "2020-02-29 21:17:08 UTC"}, {"To": "nikki_rich3", "Media Type": "VIDEO", "Created": "2020-03-26 22:26:34 UTC"}, {"To": "hippie_jleigh", "Media Type": "VIDEO", "Created": "2020-03-26 22:26:33 UTC"}, {"To": "nikki_rich3", "Media Type": "VIDEO", "Created": "2020-03-26 22:26:33 UTC"}, {"To": "nikki_rich3", "Media Type": "VIDEO", "Created": "2020-03-26 22:26:33 UTC"}, {"To": "hippie_jleigh", "Media Type": "VIDEO", "Created": "2020-03-26 22:26:33 UTC"}, {"To": "moo1345moo", "Media Type": "IMAGE", "Created": "2020-03-26 18:10:24 UTC"}, {"To": "adikkie12", "Media Type": "VIDEO", "Created": "2020-03-26 18:06:08 UTC"}, {"To": "adikkie12", "Media Type": "VIDEO", "Created": "2020-03-26 18:06:08 UTC"}, {"To": "adikkie12", "Media Type": "VIDEO", "Created": "2020-03-26 18:06:05 UTC"}, {"To": "adikkie12", "Media Type": "VIDEO", "Created": "2020-03-26 18:06:00 UTC"}, {"To": "adikkie12", "Media Type": "VIDEO", "Created": "2020-03-26 18:05:59 UTC"}, {"To": "hippie_jleigh", "Media Type": "IMAGE", "Created": "2020-03-26 18:03:23 UTC"}, {"To": "ericabrookrich", "Media Type": "IMAGE", "Created": "2020-03-26 18:03:23 UTC"}, {"To": "adikkie12", "Media Type": "IMAGE", "Created": "2020-03-26 18:03:23 UTC"}, {"To": "moo1345moo", "Media Type": "IMAGE", "Created": "2020-03-26 18:03:23 UTC"}, {"To": "nikki_rich3", "Media Type": "IMAGE", "Created": "2020-03-26 18:03:23 UTC"}, {"To": "adikkie12", "Media Type": "VIDEO", "Created": "2020-03-26 16:30:29 UTC"}, {"To": "adikkie12", "Media Type": "VIDEO", "Created": "2020-03-25 20:49:44 UTC"}, {"To": "adikkie12", "Media Type": "IMAGE", "Created": "2020-03-25 20:48:09 UTC"}, {"To": "adikkie12", "Media Type": "IMAGE", "Created": "2020-03-25 20:06:07 UTC"}, {"To": "adikkie12", "Media Type": "IMAGE", "Created": "2020-03-25 18:23:42 UTC"}, {"To": "ericabrookrich", "Media Type": "VIDEO", "Created": "2020-03-25 17:18:03 UTC"}, {"To": "adikkie12", "Media Type": "VIDEO", "Created": "2020-03-25 17:18:03 UTC"}, {"To": "adikkie12", "Media Type": "VIDEO", "Created": "2020-03-25 17:18:00 UTC"}, {"To": "ericabrookrich", "Media Type": "VIDEO", "Created": "2020-03-25 17:18:00 UTC"}, {"To": "adikkie12", "Media Type": "IMAGE", "Created": "2020-03-25 16:25:54 UTC"}, {"To": "adikkie12", "Media Type": "IMAGE", "Created": "2020-03-25 15:14:30 UTC"}, {"To": "scarborok", "Media Type": "VIDEO", "Created": "2020-02-29 21:17:08 UTC"}, {"To": "adikkie12", "Media Type": "IMAGE", "Created": "2020-02-29 19:08:04 UTC"}, {"To": "adikkie12", "Media Type": "IMAGE", "Created": "2020-02-29 18:54:26 UTC"}, {"To": "ericabrookrich", "Media Type": "VIDEO", "Created": "2020-02-29 05:54:35 UTC"}, {"To": "ericabrookrich", "Media Type": "VIDEO", "Created": "2020-02-29 05:54:34 UTC"}, {"To": "adikkie12", "Media Type": "IMAGE", "Created": "2020-02-29 05:43:20 UTC"}, {"To": "nikki_rich3", "Media Type": "IMAGE", "Created": "2020-02-29 05:33:50 UTC"}, {"To": "jacesacrboro", "Media Type": "IMAGE", "Created": "2020-02-29 05:33:50 UTC"}, {"To": "scarborok", "Media Type": "IMAGE", "Created": "2020-02-29 05:33:50 UTC"}, {"To": "adikkie12", "Media Type": "IMAGE", "Created": "2020-02-29 05:33:50 UTC"}, {"To": "lisapoo23", "Media Type": "IMAGE", "Created": "2020-02-29 05:33:50 UTC"}, {"To": "ericabrookrich", "Media Type": "IMAGE", "Created": "2020-02-29 05:33:50 UTC"}, {"To": "hippie_jleigh", "Media Type": "IMAGE", "Created": "2020-02-29 05:33:50 UTC"}, {"To": "moo1345moo", "Media Type": "IMAGE", "Created": "2020-02-29 05:33:50 UTC"}, {"To": "moo1345moo", "Media Type": "VIDEO", "Created": "2020-02-29 02:23:34 UTC"}, {"To": "scarborok", "Media Type": "VIDEO", "Created": "2020-02-29 02:23:34 UTC"}, {"To": "ericabrookrich", "Media Type": "VIDEO", "Created": "2020-02-29 02:23:34 UTC"}, {"To": "nikki_rich3", "Media Type": "VIDEO", "Created": "2020-02-29 02:23:34 UTC"}, {"To": "adikkie12", "Media Type": "VIDEO", "Created": "2020-02-29 02:23:34 UTC"}, {"To": "hippie_jleigh", "Media Type": "VIDEO", "Created": "2020-02-29 02:23:34 UTC"}, {"To": "hippie_jleigh", "Media Type": "IMAGE", "Created": "2020-02-28 15:22:19 UTC"}, {"To": "hippie_jleigh", "Media Type": "IMAGE", "Created": "2020-02-28 03:00:38 UTC"}, {"To": "scarborok", "Media Type": "VIDEO", "Created": "2020-03-14 21:43:27 UTC"}, {"To": "moo1345moo", "Media Type": "VIDEO", "Created": "2020-03-14 21:43:27 UTC"}, {"To": "lisapoo23", "Media Type": "VIDEO", "Created": "2020-03-14 21:43:27 UTC"}, {"To": "ericabrookrich", "Media Type": "VIDEO", "Created": "2020-03-14 21:43:27 UTC"}, {"To": "nikki_rich3", "Media Type": "VIDEO", "Created": "2020-03-14 21:43:27 UTC"}, {"To": "adikkie12", "Media Type": "VIDEO", "Created": "2020-03-14 21:43:27 UTC"}, {"To": "hippie_jleigh", "Media Type": "VIDEO", "Created": "2020-03-14 21:43:27 UTC"}, {"To": "moo1345moo", "Media Type": "VIDEO", "Created": "2020-03-14 21:43:26 UTC"}, {"To": "ericabrookrich", "Media Type": "VIDEO", "Created": "2020-03-14 21:43:26 UTC"}, {"To": "hippie_jleigh", "Media Type": "VIDEO", "Created": "2020-03-14 21:43:26 UTC"}, {"To": "adikkie12", "Media Type": "VIDEO", "Created": "2020-03-14 21:43:26 UTC"}, {"To": "lisapoo23", "Media Type": "VIDEO", "Created": "2020-03-14 21:43:26 UTC"}, {"To": "nikki_rich3", "Media Type": "VIDEO", "Created": "2020-03-14 21:43:26 UTC"}, {"To": "scarborok", "Media Type": "VIDEO", "Created": "2020-03-14 21:43:26 UTC"}, {"To": "adikkie12", "Media Type": "IMAGE", "Created": "2020-03-14 21:27:37 UTC"}, {"To": "lisapoo23", "Media Type": "IMAGE", "Created": "2020-03-14 21:24:16 UTC"}, {"To": "nikki_rich3", "Media Type": "IMAGE", "Created": "2020-03-14 21:24:16 UTC"}, {"To": "hippie_jleigh", "Media Type": "IMAGE", "Created": "2020-03-14 21:24:16 UTC"}, {"To": "scarborok", "Media Type": "IMAGE", "Created": "2020-03-14 21:24:16 UTC"}, {"To": "hippie_jleigh", "Media Type": "IMAGE", "Created": "2020-03-14 19:50:28 UTC"}, {"To": "moo1345moo", "Media Type": "IMAGE", "Created": "2020-03-14 19:50:28 UTC"}, {"To": "nikki_rich3", "Media Type": "IMAGE", "Created": "2020-03-14 19:50:28 UTC"}, {"To": "adikkie12", "Media Type": "IMAGE", "Created": "2020-03-14 19:50:28 UTC"}, {"To": "ericabrookrich", "Media Type": "IMAGE", "Created": "2020-03-14 19:50:28 UTC"}, {"To": "lisapoo23", "Media Type": "IMAGE", "Created": "2020-03-14 19:50:28 UTC"}, {"To": "scarborok", "Media Type": "IMAGE", "Created": "2020-03-14 19:50:28 UTC"}, {"To": "moo1345moo", "Media Type": "VIDEO", "Created": "2020-03-14 19:20:12 UTC"}, {"To": "adikkie12", "Media Type": "VIDEO", "Created": "2020-03-12 22:39:22 UTC"}, {"To": "adikkie12", "Media Type": "VIDEO", "Created": "2020-03-12 22:39:21 UTC"}, {"To": "adikkie12", "Media Type": "IMAGE", "Created": "2020-03-12 20:47:16 UTC"}, {"To": "adikkie12", "Media Type": "IMAGE", "Created": "2020-03-12 18:35:36 UTC"}, {"To": "hippie_jleigh", "Media Type": "IMAGE", "Created": "2020-03-12 18:35:36 UTC"}, {"To": "ericabrookrich", "Media Type": "IMAGE", "Created": "2020-03-12 18:35:36 UTC"}, {"To": "lisapoo23", "Media Type": "IMAGE", "Created": "2020-03-12 18:35:36 UTC"}, {"To": "adikkie12", "Media Type": "IMAGE", "Created": "2020-03-12 01:58:41 UTC"}, {"To": "adikkie12", "Media Type": "IMAGE", "Created": "2020-03-12 01:54:36 UTC"}, {"To": "scarborok", "Media Type": "IMAGE", "Created": "2020-03-11 20:40:05 UTC"}, {"To": "nikki_rich3", "Media Type": "IMAGE", "Created": "2020-03-11 20:40:05 UTC"}, {"To": "ericabrookrich", "Media Type": "IMAGE", "Created": "2020-03-11 20:40:05 UTC"}, {"To": "lisapoo23", "Media Type": "IMAGE", "Created": "2020-03-11 20:40:05 UTC"}, {"To": "adikkie12", "Media Type": "IMAGE", "Created": "2020-03-11 20:40:05 UTC"}, {"To": "hippie_jleigh", "Media Type": "IMAGE", "Created": "2020-03-11 20:40:05 UTC"}, {"To": "adikkie12", "Media Type": "IMAGE", "Created": "2020-03-11 20:38:38 UTC"}, {"To": "adikkie12", "Media Type": "IMAGE", "Created": "2020-03-11 18:48:52 UTC"}, {"To": "nikki_rich3", "Media Type": "IMAGE", "Created": "2020-03-10 21:00:54 UTC"}, {"To": "adikkie12", "Media Type": "IMAGE", "Created": "2020-03-10 20:01:51 UTC"}, {"To": "adikkie12", "Media Type": "IMAGE", "Created": "2020-03-10 19:50:08 UTC"}, {"To": "adikkie12", "Media Type": "IMAGE", "Created": "2020-03-10 19:48:17 UTC"}, {"To": "adikkie12", "Media Type": "IMAGE", "Created": "2020-03-10 19:38:34 UTC"}, {"To": "markingyo", "Media Type": "IMAGE", "Created": "2020-03-09 15:32:21 UTC"}, {"To": "markingyo", "Media Type": "IMAGE", "Created": "2020-03-09 15:27:54 UTC"}, {"To": "markingyo", "Media Type": "IMAGE", "Created": "2020-03-09 15:25:15 UTC"}, {"To": "adikkie12", "Media Type": "VIDEO", "Created": "2020-03-09 00:18:11 UTC"}, {"To": "adikkie12", "Media Type": "IMAGE", "Created": "2020-03-09 00:02:24 UTC"}, {"To": "adikkie12", "Media Type": "IMAGE", "Created": "2020-03-08 23:26:15 UTC"}, {"To": "markingyo", "Media Type": "IMAGE", "Created": "2020-03-08 23:16:15 UTC"}, {"To": "markingyo", "Media Type": "IMAGE", "Created": "2020-03-08 23:12:36 UTC"}, {"To": "adikkie12", "Media Type": "IMAGE", "Created": "2020-03-08 22:59:51 UTC"}, {"To": "markingyo", "Media Type": "IMAGE", "Created": "2020-03-08 22:58:00 UTC"}, {"To": "lisapoo23", "Media Type": "IMAGE", "Created": "2020-03-08 22:55:17 UTC"}, {"To": "markingyo", "Media Type": "IMAGE", "Created": "2020-03-08 22:51:28 UTC"}, {"To": "markingyo", "Media Type": "IMAGE", "Created": "2020-03-08 22:47:46 UTC"}, {"To": "markingyo", "Media Type": "IMAGE", "Created": "2020-03-08 22:45:36 UTC"}, {"To": "adikkie12", "Media Type": "IMAGE", "Created": "2020-03-08 22:43:32 UTC"}, {"To": "markingyo", "Media Type": "IMAGE", "Created": "2020-03-08 22:43:32 UTC"}, {"To": "nikki_rich3", "Media Type": "IMAGE", "Created": "2020-03-08 22:43:32 UTC"}, {"To": "hippie_jleigh", "Media Type": "IMAGE", "Created": "2020-03-08 22:43:32 UTC"}, {"To": "ericabrookrich", "Media Type": "IMAGE", "Created": "2020-03-08 22:43:32 UTC"}, {"To": "lisapoo23", "Media Type": "IMAGE", "Created": "2020-03-08 22:43:32 UTC"}, {"To": "hippie_jleigh", "Media Type": "IMAGE", "Created": "2020-03-08 22:18:55 UTC"}, {"To": "adikkie12", "Media Type": "VIDEO", "Created": "2020-03-08 22:14:23 UTC"}, {"To": "adikkie12", "Media Type": "IMAGE", "Created": "2020-03-08 21:11:53 UTC"}, {"To": "scarborok", "Media Type": "IMAGE", "Created": "2020-03-08 21:11:53 UTC"}, {"To": "adikkie12", "Media Type": "VIDEO", "Created": "2020-03-08 20:39:19 UTC"}, {"To": "adikkie12", "Media Type": "VIDEO", "Created": "2020-03-08 20:39:18 UTC"}, {"To": "adikkie12", "Media Type": "VIDEO", "Created": "2020-03-08 20:39:18 UTC"}, {"To": "ericabrookrich", "Media Type": "VIDEO", "Created": "2020-03-08 20:37:47 UTC"}, {"To": "scarborok", "Media Type": "VIDEO", "Created": "2020-03-08 20:37:47 UTC"}, {"To": "lisapoo23", "Media Type": "VIDEO", "Created": "2020-03-08 20:37:47 UTC"}, {"To": "nikki_rich3", "Media Type": "VIDEO", "Created": "2020-03-08 20:37:47 UTC"}, {"To": "moo1345moo", "Media Type": "VIDEO", "Created": "2020-03-08 20:37:47 UTC"}, {"To": "hippie_jleigh", "Media Type": "VIDEO", "Created": "2020-03-08 20:37:47 UTC"}, {"To": "adikkie12", "Media Type": "VIDEO", "Created": "2020-03-08 20:37:47 UTC"}, {"To": "scarborok", "Media Type": "VIDEO", "Created": "2020-03-08 20:37:47 UTC"}, {"To": "adikkie12", "Media Type": "VIDEO", "Created": "2020-03-08 20:37:47 UTC"}, {"To": "ericabrookrich", "Media Type": "VIDEO", "Created": "2020-03-08 20:37:47 UTC"}, {"To": "moo1345moo", "Media Type": "VIDEO", "Created": "2020-03-08 20:37:47 UTC"}, {"To": "lisapoo23", "Media Type": "VIDEO", "Created": "2020-03-08 20:37:47 UTC"}, {"To": "hippie_jleigh", "Media Type": "VIDEO", "Created": "2020-03-08 20:37:47 UTC"}, {"To": "nikki_rich3", "Media Type": "VIDEO", "Created": "2020-03-08 20:37:47 UTC"}, {"To": "adikkie12", "Media Type": "VIDEO", "Created": "2020-03-08 20:37:11 UTC"}, {"To": "adikkie12", "Media Type": "VIDEO", "Created": "2020-03-08 20:37:11 UTC"}, {"To": "lisapoo23", "Media Type": "IMAGE", "Created": "2020-03-07 03:46:37 UTC"}, {"To": "markingyo", "Media Type": "IMAGE", "Created": "2020-03-07 02:04:09 UTC"}, {"To": "markingyo", "Media Type": "IMAGE", "Created": "2020-03-07 02:02:56 UTC"}, {"To": "markingyo", "Media Type": "IMAGE", "Created": "2020-03-07 02:01:35 UTC"}, {"To": "markingyo", "Media Type": "IMAGE", "Created": "2020-03-07 01:57:24 UTC"}, {"To": "markingyo", "Media Type": "IMAGE", "Created": "2020-03-07 01:54:50 UTC"}, {"To": "markingyo", "Media Type": "VIDEO", "Created": "2020-03-07 01:49:54 UTC"}, {"To": "markingyo", "Media Type": "VIDEO", "Created": "2020-03-07 01:49:53 UTC"}, {"To": "markingyo", "Media Type": "VIDEO", "Created": "2020-03-07 01:49:49 UTC"}, {"To": "markingyo", "Media Type": "IMAGE", "Created": "2020-03-07 01:46:56 UTC"}, {"To": "markingyo", "Media Type": "IMAGE", "Created": "2020-03-07 01:40:00 UTC"}, {"To": "markingyo", "Media Type": "IMAGE", "Created": "2020-03-07 01:33:13 UTC"}, {"To": "markingyo", "Media Type": "IMAGE", "Created": "2020-03-07 01:30:15 UTC"}, {"To": "markingyo", "Media Type": "IMAGE", "Created": "2020-03-07 01:27:41 UTC"}, {"To": "markingyo", "Media Type": "IMAGE", "Created": "2020-03-07 01:25:40 UTC"}, {"To": "markingyo", "Media Type": "IMAGE", "Created": "2020-03-07 01:21:59 UTC"}, {"To": "markingyo", "Media Type": "IMAGE", "Created": "2020-03-07 01:20:11 UTC"}, {"To": "markingyo", "Media Type": "IMAGE", "Created": "2020-03-07 01:14:42 UTC"}, {"To": "adikkie12", "Media Type": "IMAGE", "Created": "2020-03-06 23:06:17 UTC"}, {"To": "ericabrookrich", "Media Type": "IMAGE", "Created": "2020-03-06 02:12:42 UTC"}, {"To": "hippie_jleigh", "Media Type": "IMAGE", "Created": "2020-03-06 02:12:42 UTC"}, {"To": "nikki_rich3", "Media Type": "IMAGE", "Created": "2020-03-06 02:12:42 UTC"}, {"To": "adikkie12", "Media Type": "IMAGE", "Created": "2020-03-04 19:46:21 UTC"}, {"To": "hippie_jleigh", "Media Type": "IMAGE", "Created": "2020-03-04 14:13:33 UTC"}, {"To": "moo1345moo", "Media Type": "IMAGE", "Created": "2020-03-04 14:12:44 UTC"}, {"To": "moo1345moo", "Media Type": "IMAGE", "Created": "2020-03-04 12:50:52 UTC"}, {"To": "adikkie12", "Media Type": "IMAGE", "Created": "2020-03-03 13:01:23 UTC"}, {"To": "adikkie12", "Media Type": "IMAGE", "Created": "2020-03-03 12:50:21 UTC"}, {"To": "adikkie12", "Media Type": "IMAGE", "Created": "2020-03-03 12:45:37 UTC"}, {"To": "hippie_jleigh", "Media Type": "IMAGE", "Created": "2020-03-03 12:38:16 UTC"}, {"To": "adikkie12", "Media Type": "VIDEO", "Created": "2020-03-03 02:26:38 UTC"}, {"To": "adikkie12", "Media Type": "VIDEO", "Created": "2020-03-03 02:26:37 UTC"}, {"To": "adikkie12", "Media Type": "VIDEO", "Created": "2020-03-03 02:26:35 UTC"}, {"To": "adikkie12", "Media Type": "VIDEO", "Created": "2020-03-03 02:16:54 UTC"}, {"To": "adikkie12", "Media Type": "VIDEO", "Created": "2020-03-03 02:16:54 UTC"}, {"To": "adikkie12", "Media Type": "VIDEO", "Created": "2020-03-03 02:16:53 UTC"}, {"To": "adikkie12", "Media Type": "VIDEO", "Created": "2020-03-03 02:16:52 UTC"}, {"To": "adikkie12", "Media Type": "IMAGE", "Created": "2020-03-02 21:08:57 UTC"}, {"To": "adikkie12", "Media Type": "IMAGE", "Created": "2020-03-02 20:53:17 UTC"}, {"To": "markingyo", "Media Type": "IMAGE", "Created": "2020-03-02 20:09:08 UTC"}, {"To": "markingyo", "Media Type": "IMAGE", "Created": "2020-03-02 19:53:26 UTC"}, {"To": "markingyo", "Media Type": "IMAGE", "Created": "2020-03-02 19:46:40 UTC"}, {"To": "markingyo", "Media Type": "IMAGE", "Created": "2020-03-02 19:27:27 UTC"}, {"To": "markingyo", "Media Type": "IMAGE", "Created": "2020-03-02 19:16:07 UTC"}, {"To": "markingyo", "Media Type": "IMAGE", "Created": "2020-03-02 18:49:27 UTC"}, {"To": "markingyo", "Media Type": "IMAGE", "Created": "2020-03-02 18:33:44 UTC"}, {"To": "markingyo", "Media Type": "IMAGE", "Created": "2020-03-02 18:28:46 UTC"}, {"To": "markingyo", "Media Type": "IMAGE", "Created": "2020-03-02 18:23:18 UTC"}, {"To": "markingyo", "Media Type": "IMAGE", "Created": "2020-03-02 18:15:11 UTC"}, {"To": "markingyo", "Media Type": "IMAGE", "Created": "2020-03-02 18:11:31 UTC"}, {"To": "markingyo", "Media Type": "IMAGE", "Created": "2020-03-02 18:08:32 UTC"}, {"To": "markingyo", "Media Type": "IMAGE", "Created": "2020-03-02 18:04:47 UTC"}, {"To": "adikkie12", "Media Type": "IMAGE", "Created": "2020-03-02 18:00:39 UTC"}, {"To": "markingyo", "Media Type": "IMAGE", "Created": "2020-03-02 18:00:03 UTC"}, {"To": "adikkie12", "Media Type": "IMAGE", "Created": "2020-03-02 17:57:58 UTC"}, {"To": "markingyo", "Media Type": "IMAGE", "Created": "2020-03-02 17:53:38 UTC"}, {"To": "markingyo", "Media Type": "IMAGE", "Created": "2020-03-02 17:49:16 UTC"}, {"To": "markingyo", "Media Type": "IMAGE", "Created": "2020-03-02 17:44:18 UTC"}, {"To": "markingyo", "Media Type": "IMAGE", "Created": "2020-03-02 17:41:51 UTC"}, {"To": "markingyo", "Media Type": "IMAGE", "Created": "2020-03-02 17:38:11 UTC"}, {"To": "markingyo", "Media Type": "IMAGE", "Created": "2020-03-02 17:35:06 UTC"}, {"To": "adikkie12", "Media Type": "IMAGE", "Created": "2020-03-02 17:33:45 UTC"}, {"To": "lisapoo23", "Media Type": "VIDEO", "Created": "2020-03-02 00:09:57 UTC"}, {"To": "ericabrookrich", "Media Type": "VIDEO", "Created": "2020-03-02 00:09:57 UTC"}, {"To": "adikkie12", "Media Type": "VIDEO", "Created": "2020-03-02 00:09:57 UTC"}, {"To": "nikki_rich3", "Media Type": "VIDEO", "Created": "2020-03-02 00:09:57 UTC"}, {"To": "lisapoo23", "Media Type": "VIDEO", "Created": "2020-03-02 00:09:56 UTC"}, {"To": "nikki_rich3", "Media Type": "VIDEO", "Created": "2020-03-02 00:09:56 UTC"}, {"To": "adikkie12", "Media Type": "VIDEO", "Created": "2020-03-02 00:09:56 UTC"}, {"To": "ericabrookrich", "Media Type": "VIDEO", "Created": "2020-03-02 00:09:56 UTC"}, {"To": "ericabrookrich", "Media Type": "VIDEO", "Created": "2020-03-02 00:09:56 UTC"}, {"To": "lisapoo23", "Media Type": "VIDEO", "Created": "2020-03-02 00:09:56 UTC"}, {"To": "adikkie12", "Media Type": "VIDEO", "Created": "2020-03-02 00:09:56 UTC"}, {"To": "nikki_rich3", "Media Type": "VIDEO", "Created": "2020-03-02 00:09:56 UTC"}, {"To": "adikkie12", "Media Type": "VIDEO", "Created": "2020-03-01 23:44:53 UTC"}, {"To": "adikkie12", "Media Type": "VIDEO", "Created": "2020-03-01 23:44:52 UTC"}, {"To": "adikkie12", "Media Type": "IMAGE", "Created": "2020-03-01 23:00:45 UTC"}, {"To": "adikkie12", "Media Type": "VIDEO", "Created": "2020-03-01 22:59:41 UTC"}, {"To": "hippie_jleigh", "Media Type": "VIDEO", "Created": "2020-03-01 22:59:41 UTC"}, {"To": "lisapoo23", "Media Type": "VIDEO", "Created": "2020-03-01 22:59:41 UTC"}, {"To": "nikki_rich3", "Media Type": "VIDEO", "Created": "2020-03-01 22:59:41 UTC"}, {"To": "ericabrookrich", "Media Type": "VIDEO", "Created": "2020-03-01 22:59:41 UTC"}, {"To": "nikki_rich3", "Media Type": "VIDEO", "Created": "2020-03-01 22:59:41 UTC"}, {"To": "hippie_jleigh", "Media Type": "VIDEO", "Created": "2020-03-01 22:59:41 UTC"}, {"To": "adikkie12", "Media Type": "VIDEO", "Created": "2020-03-01 22:59:41 UTC"}, {"To": "ericabrookrich", "Media Type": "VIDEO", "Created": "2020-03-01 22:59:41 UTC"}, {"To": "lisapoo23", "Media Type": "VIDEO", "Created": "2020-03-01 22:59:41 UTC"}, {"To": "hippie_jleigh", "Media Type": "IMAGE", "Created": "2020-03-01 21:34:09 UTC"}, {"To": "ericabrookrich", "Media Type": "IMAGE", "Created": "2020-03-01 00:55:33 UTC"}, {"To": "adikkie12", "Media Type": "IMAGE", "Created": "2020-02-29 21:47:50 UTC"}, {"To": "moo1345moo", "Media Type": "VIDEO", "Created": "2020-02-29 21:17:09 UTC"}, {"To": "scarborok", "Media Type": "VIDEO", "Created": "2020-02-29 21:17:09 UTC"}, {"To": "scarborok", "Media Type": "VIDEO", "Created": "2020-03-25 14:48:46 UTC"}, {"To": "ericabrookrich", "Media Type": "VIDEO", "Created": "2020-03-25 14:48:46 UTC"}, {"To": "lisapoo23", "Media Type": "VIDEO", "Created": "2020-03-25 14:48:46 UTC"}, {"To": "dannahcheyy", "Media Type": "VIDEO", "Created": "2020-03-25 14:48:46 UTC"}, {"To": "nikki_rich3", "Media Type": "VIDEO", "Created": "2020-03-25 14:48:46 UTC"}, {"To": "hippie_jleigh", "Media Type": "VIDEO", "Created": "2020-03-25 14:48:46 UTC"}, {"To": "moo1345moo", "Media Type": "VIDEO", "Created": "2020-03-25 14:48:46 UTC"}, {"To": "adikkie12", "Media Type": "VIDEO", "Created": "2020-03-25 14:48:46 UTC"}, {"To": "hippie_jleigh", "Media Type": "VIDEO", "Created": "2020-03-25 14:48:45 UTC"}, {"To": "ericabrookrich", "Media Type": "VIDEO", "Created": "2020-03-25 14:48:45 UTC"}, {"To": "lisapoo23", "Media Type": "VIDEO", "Created": "2020-03-25 14:48:45 UTC"}, {"To": "adikkie12", "Media Type": "VIDEO", "Created": "2020-03-25 14:48:45 UTC"}, {"To": "scarborok", "Media Type": "VIDEO", "Created": "2020-03-25 14:48:45 UTC"}, {"To": "moo1345moo", "Media Type": "VIDEO", "Created": "2020-03-25 14:48:45 UTC"}, {"To": "dannahcheyy", "Media Type": "VIDEO", "Created": "2020-03-25 14:48:45 UTC"}, {"To": "nikki_rich3", "Media Type": "VIDEO", "Created": "2020-03-25 14:48:45 UTC"}, {"To": "adikkie12", "Media Type": "IMAGE", "Created": "2020-03-25 14:46:36 UTC"}, {"To": "adikkie12", "Media Type": "IMAGE", "Created": "2020-03-25 14:38:35 UTC"}, {"To": "adikkie12", "Media Type": "IMAGE", "Created": "2020-03-25 14:25:39 UTC"}, {"To": "adikkie12", "Media Type": "IMAGE", "Created": "2020-03-25 14:19:46 UTC"}, {"To": "nikki_rich3", "Media Type": "IMAGE", "Created": "2020-03-25 14:14:37 UTC"}, {"To": "lisapoo23", "Media Type": "IMAGE", "Created": "2020-03-25 05:40:12 UTC"}, {"To": "ericabrookrich", "Media Type": "IMAGE", "Created": "2020-03-25 05:40:12 UTC"}, {"To": "hippie_jleigh", "Media Type": "IMAGE", "Created": "2020-03-25 05:40:12 UTC"}, {"To": "adikkie12", "Media Type": "IMAGE", "Created": "2020-03-25 05:40:12 UTC"}, {"To": "nikki_rich3", "Media Type": "IMAGE", "Created": "2020-03-25 05:40:12 UTC"}, {"To": "moo1345moo", "Media Type": "IMAGE", "Created": "2020-03-25 05:40:12 UTC"}, {"To": "ericabrookrich", "Media Type": "IMAGE", "Created": "2020-03-25 03:36:36 UTC"}, {"To": "nikki_rich3", "Media Type": "IMAGE", "Created": "2020-03-25 03:36:36 UTC"}, {"To": "hippie_jleigh", "Media Type": "IMAGE", "Created": "2020-03-25 03:36:36 UTC"}, {"To": "hippie_jleigh", "Media Type": "IMAGE", "Created": "2020-03-24 22:32:53 UTC"}, {"To": "ericabrookrich", "Media Type": "IMAGE", "Created": "2020-03-24 15:47:30 UTC"}, {"To": "nikki_rich3", "Media Type": "IMAGE", "Created": "2020-03-24 15:47:30 UTC"}, {"To": "hippie_jleigh", "Media Type": "VIDEO", "Created": "2020-03-24 15:21:22 UTC"}, {"To": "lisapoo23", "Media Type": "VIDEO", "Created": "2020-03-24 15:21:22 UTC"}, {"To": "moo1345moo", "Media Type": "VIDEO", "Created": "2020-03-24 15:21:22 UTC"}, {"To": "adikkie12", "Media Type": "VIDEO", "Created": "2020-03-24 15:21:22 UTC"}, {"To": "nikki_rich3", "Media Type": "VIDEO", "Created": "2020-03-24 15:21:22 UTC"}, {"To": "ericabrookrich", "Media Type": "VIDEO", "Created": "2020-03-24 15:21:22 UTC"}, {"To": "moo1345moo", "Media Type": "IMAGE", "Created": "2020-03-24 00:17:41 UTC"}, {"To": "moo1345moo", "Media Type": "IMAGE", "Created": "2020-03-23 19:05:57 UTC"}, {"To": "moo1345moo", "Media Type": "IMAGE", "Created": "2020-03-23 19:04:41 UTC"}, {"To": "adikkie12", "Media Type": "VIDEO", "Created": "2020-03-23 15:55:38 UTC"}, {"To": "adikkie12", "Media Type": "IMAGE", "Created": "2020-03-23 14:44:06 UTC"}, {"To": "adikkie12", "Media Type": "VIDEO", "Created": "2020-03-23 14:43:51 UTC"}, {"To": "adikkie12", "Media Type": "VIDEO", "Created": "2020-03-23 14:43:51 UTC"}, {"To": "adikkie12", "Media Type": "IMAGE", "Created": "2020-03-23 14:43:00 UTC"}, {"To": "adikkie12", "Media Type": "VIDEO", "Created": "2020-03-23 14:40:38 UTC"}, {"To": "adikkie12", "Media Type": "IMAGE", "Created": "2020-03-23 14:39:46 UTC"}, {"To": "adikkie12", "Media Type": "IMAGE", "Created": "2020-03-23 14:38:37 UTC"}, {"To": "adikkie12", "Media Type": "IMAGE", "Created": "2020-03-23 14:37:57 UTC"}, {"To": "adikkie12", "Media Type": "IMAGE", "Created": "2020-03-23 14:27:11 UTC"}, {"To": "nikki_rich3", "Media Type": "VIDEO", "Created": "2020-03-23 02:21:41 UTC"}, {"To": "nikki_rich3", "Media Type": "VIDEO", "Created": "2020-03-23 02:21:40 UTC"}, {"To": "nikki_rich3", "Media Type": "IMAGE", "Created": "2020-03-22 22:31:04 UTC"}, {"To": "ericabrookrich", "Media Type": "IMAGE", "Created": "2020-03-22 04:08:58 UTC"}, {"To": "adikkie12", "Media Type": "IMAGE", "Created": "2020-03-22 04:08:58 UTC"}, {"To": "scarborok", "Media Type": "IMAGE", "Created": "2020-03-22 04:08:58 UTC"}, {"To": "nikki_rich3", "Media Type": "IMAGE", "Created": "2020-03-22 04:06:48 UTC"}, {"To": "scarborok", "Media Type": "IMAGE", "Created": "2020-03-22 04:06:48 UTC"}, {"To": "moo1345moo", "Media Type": "IMAGE", "Created": "2020-03-22 04:06:48 UTC"}, {"To": "adikkie12", "Media Type": "IMAGE", "Created": "2020-03-22 04:06:48 UTC"}, {"To": "hippie_jleigh", "Media Type": "IMAGE", "Created": "2020-03-22 04:06:48 UTC"}, {"To": "lisapoo23", "Media Type": "IMAGE", "Created": "2020-03-22 04:06:48 UTC"}, {"To": "ericabrookrich", "Media Type": "IMAGE", "Created": "2020-03-22 04:06:48 UTC"}, {"To": "hippie_jleigh", "Media Type": "IMAGE", "Created": "2020-03-21 19:25:29 UTC"}, {"To": "moo1345moo", "Media Type": "IMAGE", "Created": "2020-03-21 16:44:31 UTC"}, {"To": "adikkie12", "Media Type": "IMAGE", "Created": "2020-03-21 16:44:31 UTC"}, {"To": "ericabrookrich", "Media Type": "IMAGE", "Created": "2020-03-21 16:44:31 UTC"}, {"To": "hippie_jleigh", "Media Type": "VIDEO", "Created": "2020-03-21 02:07:31 UTC"}, {"To": "ericabrookrich", "Media Type": "VIDEO", "Created": "2020-03-21 02:07:31 UTC"}, {"To": "lisapoo23", "Media Type": "VIDEO", "Created": "2020-03-21 02:07:31 UTC"}, {"To": "moo1345moo", "Media Type": "VIDEO", "Created": "2020-03-21 02:07:31 UTC"}, {"To": "nikki_rich3", "Media Type": "VIDEO", "Created": "2020-03-21 02:07:31 UTC"}, {"To": "adikkie12", "Media Type": "VIDEO", "Created": "2020-03-21 02:07:31 UTC"}, {"To": "scarborok", "Media Type": "VIDEO", "Created": "2020-03-21 02:07:31 UTC"}, {"To": "moo1345moo", "Media Type": "IMAGE", "Created": "2020-03-20 23:16:41 UTC"}, {"To": "lisapoo23", "Media Type": "VIDEO", "Created": "2020-03-20 22:56:45 UTC"}, {"To": "nikki_rich3", "Media Type": "VIDEO", "Created": "2020-03-20 22:56:45 UTC"}, {"To": "adikkie12", "Media Type": "VIDEO", "Created": "2020-03-20 22:56:45 UTC"}, {"To": "rich_amanda", "Media Type": "VIDEO", "Created": "2020-03-20 22:56:45 UTC"}, {"To": "moo1345moo", "Media Type": "VIDEO", "Created": "2020-03-20 22:56:45 UTC"}, {"To": "queenbishop302", "Media Type": "VIDEO", "Created": "2020-03-20 22:56:45 UTC"}, {"To": "ericabrookrich", "Media Type": "VIDEO", "Created": "2020-03-20 22:56:45 UTC"}, {"To": "hippie_jleigh", "Media Type": "VIDEO", "Created": "2020-03-20 22:56:45 UTC"}, {"To": "scarborok", "Media Type": "VIDEO", "Created": "2020-03-20 22:56:45 UTC"}, {"To": "hippie_jleigh", "Media Type": "VIDEO", "Created": "2020-03-20 22:56:45 UTC"}, {"To": "nikki_rich3", "Media Type": "VIDEO", "Created": "2020-03-20 22:56:45 UTC"}, {"To": "moo1345moo", "Media Type": "VIDEO", "Created": "2020-03-20 22:56:45 UTC"}, {"To": "queenbishop302", "Media Type": "VIDEO", "Created": "2020-03-20 22:56:45 UTC"}, {"To": "ericabrookrich", "Media Type": "VIDEO", "Created": "2020-03-20 22:56:45 UTC"}, {"To": "adikkie12", "Media Type": "VIDEO", "Created": "2020-03-20 22:56:45 UTC"}, {"To": "rich_amanda", "Media Type": "VIDEO", "Created": "2020-03-20 22:56:45 UTC"}, {"To": "lisapoo23", "Media Type": "VIDEO", "Created": "2020-03-20 22:56:45 UTC"}, {"To": "scarborok", "Media Type": "VIDEO", "Created": "2020-03-20 22:56:45 UTC"}, {"To": "adikkie12", "Media Type": "IMAGE", "Created": "2020-03-20 18:57:09 UTC"}, {"To": "adikkie12", "Media Type": "IMAGE", "Created": "2020-03-20 17:59:56 UTC"}, {"To": "ericabrookrich", "Media Type": "IMAGE", "Created": "2020-03-20 17:59:56 UTC"}, {"To": "nikki_rich3", "Media Type": "IMAGE", "Created": "2020-03-20 17:49:32 UTC"}, {"To": "adikkie12", "Media Type": "IMAGE", "Created": "2020-03-20 17:49:32 UTC"}, {"To": "hippie_jleigh", "Media Type": "IMAGE", "Created": "2020-03-20 17:49:32 UTC"}, {"To": "ericabrookrich", "Media Type": "IMAGE", "Created": "2020-03-20 17:49:32 UTC"}, {"To": "adikkie12", "Media Type": "IMAGE", "Created": "2020-03-20 17:29:35 UTC"}, {"To": "adikkie12", "Media Type": "IMAGE", "Created": "2020-03-20 17:28:43 UTC"}, {"To": "ericabrookrich", "Media Type": "IMAGE", "Created": "2020-03-20 17:28:43 UTC"}, {"To": "adikkie12", "Media Type": "IMAGE", "Created": "2020-03-20 17:27:50 UTC"}, {"To": "moo1345moo", "Media Type": "IMAGE", "Created": "2020-03-20 17:27:50 UTC"}, {"To": "scarborok", "Media Type": "IMAGE", "Created": "2020-03-20 17:27:50 UTC"}, {"To": "nikki_rich3", "Media Type": "IMAGE", "Created": "2020-03-20 17:27:50 UTC"}, {"To": "ericabrookrich", "Media Type": "IMAGE", "Created": "2020-03-20 17:27:50 UTC"}, {"To": "hippie_jleigh", "Media Type": "IMAGE", "Created": "2020-03-20 17:27:50 UTC"}, {"To": "lisapoo23", "Media Type": "IMAGE", "Created": "2020-03-20 17:27:50 UTC"}, {"To": "adikkie12", "Media Type": "IMAGE", "Created": "2020-03-20 17:25:45 UTC"}, {"To": "adikkie12", "Media Type": "IMAGE", "Created": "2020-03-20 16:13:19 UTC"}, {"To": "adikkie12", "Media Type": "IMAGE", "Created": "2020-03-20 16:11:14 UTC"}, {"To": "adikkie12", "Media Type": "IMAGE", "Created": "2020-03-20 13:47:02 UTC"}, {"To": "adikkie12", "Media Type": "IMAGE", "Created": "2020-03-19 22:23:57 UTC"}, {"To": "adikkie12", "Media Type": "IMAGE", "Created": "2020-03-19 22:22:29 UTC"}, {"To": "hippie_jleigh", "Media Type": "IMAGE", "Created": "2020-03-19 01:03:00 UTC"}, {"To": "scarborok", "Media Type": "IMAGE", "Created": "2020-03-19 01:03:00 UTC"}, {"To": "ericabrookrich", "Media Type": "IMAGE", "Created": "2020-03-19 01:03:00 UTC"}, {"To": "lisapoo23", "Media Type": "IMAGE", "Created": "2020-03-19 01:03:00 UTC"}, {"To": "moo1345moo", "Media Type": "IMAGE", "Created": "2020-03-19 01:03:00 UTC"}, {"To": "adikkie12", "Media Type": "IMAGE", "Created": "2020-03-19 01:03:00 UTC"}, {"To": "nikki_rich3", "Media Type": "IMAGE", "Created": "2020-03-19 01:03:00 UTC"}, {"To": "nikki_rich3", "Media Type": "VIDEO", "Created": "2020-03-18 20:21:59 UTC"}, {"To": "ericabrookrich", "Media Type": "VIDEO", "Created": "2020-03-18 20:21:59 UTC"}, {"To": "hippie_jleigh", "Media Type": "VIDEO", "Created": "2020-03-18 20:21:59 UTC"}, {"To": "lisapoo23", "Media Type": "VIDEO", "Created": "2020-03-18 20:21:59 UTC"}, {"To": "adikkie12", "Media Type": "VIDEO", "Created": "2020-03-18 20:21:59 UTC"}, {"To": "scarborok", "Media Type": "VIDEO", "Created": "2020-03-18 20:21:59 UTC"}, {"To": "moo1345moo", "Media Type": "VIDEO", "Created": "2020-03-18 20:21:59 UTC"}, {"To": "adikkie12", "Media Type": "VIDEO", "Created": "2020-03-18 20:21:19 UTC"}, {"To": "scarborok", "Media Type": "VIDEO", "Created": "2020-03-18 20:21:19 UTC"}, {"To": "ericabrookrich", "Media Type": "VIDEO", "Created": "2020-03-18 20:21:19 UTC"}, {"To": "moo1345moo", "Media Type": "VIDEO", "Created": "2020-03-18 20:21:19 UTC"}, {"To": "hippie_jleigh", "Media Type": "VIDEO", "Created": "2020-03-18 20:21:19 UTC"}, {"To": "lisapoo23", "Media Type": "VIDEO", "Created": "2020-03-18 20:21:19 UTC"}, {"To": "nikki_rich3", "Media Type": "VIDEO", "Created": "2020-03-18 20:21:19 UTC"}, {"To": "moo1345moo", "Media Type": "VIDEO", "Created": "2020-03-18 20:21:01 UTC"}, {"To": "scarborok", "Media Type": "VIDEO", "Created": "2020-03-18 20:21:01 UTC"}, {"To": "hippie_jleigh", "Media Type": "VIDEO", "Created": "2020-03-18 20:21:01 UTC"}, {"To": "adikkie12", "Media Type": "VIDEO", "Created": "2020-03-18 20:21:01 UTC"}, {"To": "lisapoo23", "Media Type": "VIDEO", "Created": "2020-03-18 20:21:01 UTC"}, {"To": "nikki_rich3", "Media Type": "VIDEO", "Created": "2020-03-18 20:21:01 UTC"}, {"To": "ericabrookrich", "Media Type": "VIDEO", "Created": "2020-03-18 20:21:01 UTC"}, {"To": "adikkie12", "Media Type": "IMAGE", "Created": "2020-03-18 00:09:40 UTC"}, {"To": "hippie_jleigh", "Media Type": "IMAGE", "Created": "2020-03-18 00:09:40 UTC"}, {"To": "moo1345moo", "Media Type": "IMAGE", "Created": "2020-03-18 00:09:40 UTC"}, {"To": "ericabrookrich", "Media Type": "IMAGE", "Created": "2020-03-18 00:09:40 UTC"}, {"To": "scarborok", "Media Type": "IMAGE", "Created": "2020-03-18 00:09:40 UTC"}, {"To": "lisapoo23", "Media Type": "IMAGE", "Created": "2020-03-18 00:09:40 UTC"}, {"To": "nikki_rich3", "Media Type": "IMAGE", "Created": "2020-03-18 00:09:40 UTC"}, {"To": "adikkie12", "Media Type": "IMAGE", "Created": "2020-03-17 04:42:56 UTC"}, {"To": "adikkie12", "Media Type": "IMAGE", "Created": "2020-03-17 04:41:07 UTC"}, {"To": "adikkie12", "Media Type": "VIDEO", "Created": "2020-03-16 20:30:31 UTC"}, {"To": "adikkie12", "Media Type": "VIDEO", "Created": "2020-03-16 20:30:26 UTC"}, {"To": "adikkie12", "Media Type": "VIDEO", "Created": "2020-03-16 20:30:25 UTC"}, {"To": "lisapoo23", "Media Type": "IMAGE", "Created": "2020-03-16 02:43:29 UTC"}, {"To": "nikki_rich3", "Media Type": "IMAGE", "Created": "2020-03-16 02:43:29 UTC"}, {"To": "ericabrookrich", "Media Type": "IMAGE", "Created": "2020-03-16 02:43:29 UTC"}, {"To": "adikkie12", "Media Type": "IMAGE", "Created": "2020-03-16 02:43:29 UTC"}, {"To": "moo1345moo", "Media Type": "IMAGE", "Created": "2020-03-16 02:40:03 UTC"}, {"To": "lisapoo23", "Media Type": "IMAGE", "Created": "2020-03-16 02:40:03 UTC"}], "App Story History": []}