{"Snap Inc. Terms of Service": [{"Version": "Snap Privacy Policy & Terms of Service - January 10, 2017", "Acceptance Date": "2017-08-20 20:30:28 UTC"}, {"Version": "Snap Privacy Policy & Terms of Service - September 30, 2019", "Acceptance Date": "2020-03-27 14:49:59 UTC"}, {"Version": "Memories Terms of Service", "Acceptance Date": "2017-08-20 20:33:03 UTC"}, {"Version": "Snap Terms of Service - February 18, 2019", "Acceptance Date": "2019-09-27 13:26:33 UTC"}, {"Version": "Snap Privacy Policy & Terms of Service - September 26, 2017", "Acceptance Date": "2017-09-28 07:40:55 UTC"}], "Custom Creative Tools Terms": [], "Business Services Terms": [], "Games Terms": []}