{"App Profile": {"Country": "US", "Creation Time": "2017-08-20 20:30:28 UTC", "Account Creation Country": "US", "Platform Version": "IOS", "Phone Locale": "en_US"}, "Demographics": {"Cohort Age": "", "Derived Ad Demographic": ""}, "Subscriptions": [], "Engagement": [{"Event": "Geolens Swipes", "Occurrences": 70}, {"Event": "Discover Ad Views", "Occurrences": 218}, {"Event": "Direct Snaps Created", "Occurrences": 561}, {"Event": "Chats Sent", "Occurrences": 538}, {"Event": "Discover Snap Views", "Occurrences": 1464}, {"Event": "Snap Sends", "Occurrences": 211}, {"Event": "Snaps Posted to Story", "Occurrences": 69}, {"Event": "Discover Editions Viewed", "Occurrences": 158}, {"Event": "Longform Snap Views", "Occurrences": 1}, {"Event": "Application Opens", "Occurrences": 1052}, {"Event": "Geofilter Snaps Posted to Story", "Occurrences": 26}, {"Event": "Story Views", "Occurrences": 61}, {"Event": "Snaps Viewed in a Story", "Occurrences": 4613}, {"Event": "Story Ads Viewed", "Occurrences": 718}, {"Event": "Geofilter Story Snaps Viewed", "Occurrences": 1215}, {"Event": "Chats Viewed", "Occurrences": 586}, {"Event": "Direct Snaps Viewed", "Occurrences": 101}, {"Event": "Snap Views", "Occurrences": 524}, {"Event": "Geofilter Swipes", "Occurrences": 451}, {"Event": "Geofilter Snap Sends", "Occurrences": 27}], "Discover Channels Viewed": [{"Channel Name": "01951914-a330-4844-b456-68d5b6a999d8"}, {"Channel Name": "084d6238-4706-4ff1-b068-f1a8c16881d8"}, {"Channel Name": "5 Minute Crafts"}, {"Channel Name": "881eba16-7683-4060-9375-851bc28b8c08"}, {"Channel Name": "Art Insider"}, {"Channel Name": "Beauty Hacks"}, {"Channel Name": "Beauty Insider"}, {"Channel Name": "Billboard News"}, {"Channel Name": "Blossom"}, {"Channel Name": "COSMO"}, {"Channel Name": "CafeMom"}, {"Channel Name": "Craft Factory"}, {"Channel Name": "Crushin It"}, {"Channel Name": "DramaAlert"}, {"Channel Name": "FJerry"}, {"Channel Name": "Four Nine Looks"}, {"Channel Name": "Four Nine Voices"}, {"Channel Name": "Go Eat It"}, {"Channel Name": "Grandmas House"}, {"Channel Name": "Guinness World Records"}, {"Channel Name": "Hot Ones"}, {"Channel Name": "How To Hack It"}, {"Channel Name": "Journal"}, {"Channel Name": "Life Hacks Stories"}, {"Channel Name": "Little But Fierce"}, {"Channel Name": "Matt Stonie"}, {"Channel Name": "MetDaan"}, {"Channel Name": "NBC News"}, {"Channel Name": "No Days Off"}, {"Channel Name": "NowThis Breaking News"}, {"Channel Name": "NowThis Stories"}, {"Channel Name": "Oddly Satisfying Stories"}, {"Channel Name": "Reaction Time"}, {"Channel Name": "Satisfaction"}, {"Channel Name": "Scary Mommy"}, {"Channel Name": "Self"}, {"Channel Name": "Sky News Investigates"}, {"Channel Name": "Spotlight"}, {"Channel Name": "Struggle Meals"}, {"Channel Name": "Sweet"}, {"Channel Name": "TMZ"}, {"Channel Name": "Tasty"}, {"Channel Name": "The ACE Family"}, {"Channel Name": "The Magic Show"}, {"Channel Name": "Twisted"}, {"Channel Name": "Weekend Refresh"}, {"Channel Name": "World Star"}, {"Channel Name": "You Had One Job Stories"}, {"Channel Name": "c2bfd3cc-f48e-496c-b81e-0febb226a6a4"}, {"Channel Name": "c32c90a2-07c2-4739-bb8c-f8b13a0d47f3"}, {"Channel Name": "ccf720bd-ec8d-4892-be85-0748becd77f8"}, {"Channel Name": "d1db58f1-aeb1-47e2-b2ee-adf43cb050ec"}, {"Channel Name": "f91e8587-8b02-4a3d-8b03-6ea2a88c3afc"}], "Breakdown of Time Spent on App": ["Camera: 39.93%", "Discover: 29.79%", "Memories: 0.06%", "Messaging: 20.46%", "Others: 9.76%", "Profile: 0.01%"], "Ads You Interacted With": [{"Advertiser Name": "Baidu (Hong Kong) Limited", "Date": "2019-03-14"}, {"Advertiser Name": "Baidu (Hong Kong) Limited", "Date": "2019-08-31"}, {"Advertiser Name": "Baidu (Hong Kong) Limited", "Date": "2019-12-27"}, {"Advertiser Name": "Daily Feed", "Date": "2019-03-18"}, {"Advertiser Name": "ALP Srls", "Date": "2019-03-20"}, {"Advertiser Name": "Gray Down, LLC", "Date": "2019-03-20"}, {"Advertiser Name": "Wazimo Media Ltd.", "Date": "2019-04-12"}, {"Advertiser Name": "Wazimo Media Ltd.", "Date": "2019-07-09"}, {"Advertiser Name": "Wazimo Media Ltd.", "Date": "2019-09-27"}, {"Advertiser Name": "Brainye", "Date": "2019-05-08"}, {"Advertiser Name": "VOODOO", "Date": "2019-05-13"}, {"Advertiser Name": "VOODOO", "Date": "2019-05-28"}, {"Advertiser Name": "Moov Inc.", "Date": "2019-05-27"}, {"Advertiser Name": "Albert Corporation", "Date": "2019-06-24"}, {"Advertiser Name": "Z Lifestyle LLC", "Date": "2019-08-04"}, {"Advertiser Name": "Wayfair", "Date": "2019-08-19"}, {"Advertiser Name": "ikiki ", "Date": "2019-09-29"}, {"Advertiser Name": "Revlon", "Date": "2019-10-02"}, {"Advertiser Name": "Activision Mobile", "Date": "2019-10-07"}, {"Advertiser Name": "Ruckus Ventures LLC", "Date": "2019-10-07"}, {"Advertiser Name": "Smile Direct Club", "Date": "2019-10-07"}, {"Advertiser Name": "The Cw Network LLC", "Date": "2019-10-13"}, {"Advertiser Name": "HELLO DIGIT INC", "Date": "2019-10-18"}, {"Advertiser Name": "Unilever US - Mindshare", "Date": "2019-10-21"}, {"Advertiser Name": "King.com", "Date": "2019-10-25"}, {"Advertiser Name": "NyQuil Severe", "Date": "2019-10-28"}, {"Advertiser Name": "NyQuil Severe", "Date": "2019-12-15"}, {"Advertiser Name": "Terminator Dark Fate", "Date": "2019-11-04"}, {"Advertiser Name": "94.9 The Bull", "Date": "2019-11-15"}, {"Advertiser Name": "Angie Ward Online", "Date": "2019-11-15"}, {"Advertiser Name": "UAB Nordcurrent Group ", "Date": "2019-11-18"}, {"Advertiser Name": "Bank of America", "Date": "2019-11-20"}, {"Advertiser Name": "Mrs. Meyers", "Date": "2019-11-26"}, {"Advertiser Name": "P&G - PHC", "Date": "2019-12-21"}, {"Advertiser Name": "match", "Date": "2019-12-25"}, {"Advertiser Name": "Coors Light", "Date": "2019-12-26"}, {"Advertiser Name": "Dave, Inc.", "Date": "2019-12-26"}, {"Advertiser Name": "Carnival Cruise Line", "Date": "2019-12-31"}, {"Advertiser Name": "GM APPDEV LIMITED", "Date": "2020-01-19"}, {"Advertiser Name": "Illumeably Media, LLC", "Date": "2020-01-19"}, {"Advertiser Name": "Truebill", "Date": "2020-01-25"}, {"Advertiser Name": "Vshred", "Date": "2020-01-28"}, {"Advertiser Name": "X-Flow", "Date": "2020-02-02"}, {"Advertiser Name": "Poshmark, Inc.", "Date": "2020-02-06"}, {"Advertiser Name": "COVERGIRL", "Date": "2020-02-10"}, {"Advertiser Name": "2576250 Ontario Inc.", "Date": "2020-02-24"}, {"Advertiser Name": "Universal Pictures", "Date": "2020-02-25"}, {"Advertiser Name": "Burt's Bees", "Date": "2020-03-02"}, {"Advertiser Name": "U.S. Census Bureau", "Date": "2020-03-21"}, {"Advertiser Name": "Reingold Inc", "Date": "2020-03-23"}, {"Advertiser Name": "Flo Health, Inc.", "Date": "2020-03-25"}], "Interest Categories": ["Big Box Stores", "Credit & Rewards Card Buyers - Hotel Travel Cash Rewards", "Yoga Enthusiasts", "Big Box Store Buyers", "Techies & Gadget Fans", "Last 12 Months Buyers - Apple", "Beaches", "Last 12 Months Buyers - Avis", "Last 12 Months Buyers - Ticketmaster", "Health Clubs & Store Buyers - Weight Watchers", "Energy Drink Consumers", "eCommerce Buyers - Amazon - All Buyers", "Fast Food Buyers - Auntie Annes", "TV Daypart Viewers (Weekday Overnight)", "TV Viewers (Movies)", "Jewelry Store Buyers - All Buyers", "Credit & Rewards Card Buyers - Credit Revolvers", "Last 12 Months Buyers - Jetblue", "New Years Day Buyers", "Business Travelers", "Department Store Shoppers", "TV Network Viewers (A&E)", "Last 12 Months Buyers - TJMaxx", "Supermarket Buyers - All Buyers", "Last 12 Months Buyers - Walmart", "Telecom Buyers - ATT Products or Services", "Concert & Festival Goers", "Last 12 Months Buyers - Carnival", "Fast Food Buyers - Little Caesars", "Cooking Enthusiasts", "TV Viewers (Action & Adventure)", "Fast Food Buyers - McDonalds", "Theme Park Visitors", "TV Viewers (Sports Channels)", "TV Network Viewers (FOX)", "Home Improvement Buyers - Lowes", "Last 12 Months Buyers - Harbor Freight", "Healthy Food Shoppers", "Last 12 Months Buyers - Bass Pro", "Automotive Enthusiasts", "Last 12 Months Buyers - DSW", "Last 12 Months Buyers - Dollar General", "Apparel Store Buyers - Heavy Buyers", "Nature & Outdoor Destinations", "Health & Beauty Buyers", "Drug Store Buyers - CVS Pharmacy", "Last 12 Months Buyers - Hyatt", "Last 12 Months Buyers - Big Lots", "TV Viewers (Documentary)", "Retail Shoppers", "Family Genre Fans", "Supermarket Buyers - Heavy Buyers", "Last 12 Months Buyers - Nike", "Travel Buyers", "Back To School Buyers - Electronic Stores", "TV Viewers (Educational)", "Parks & Gardens", "Last 12 Months Buyers - Walgreens", "Mobile Category Buyers - All Buyers", "Last 12 Months Buyers - Ollies", "Last 12 Months Buyers - Buybuy Baby", "Shoe Store Buyers - Foot Locker", "Airline Buyers - Heavy Buyers", "TV Network Viewers (NBC)", "Home Improvement Buyers - HomeGoods", "Grocery Shoppers", "Fast Food Buyers - Taco Bell", "Atlanta Falcons Fans", "Cable Services Buyers - DishTV", "Online Shoppers", "Home Improvement Buyers - Home Depot", "Yogurt Shoppers", "Casual Dining Buyers - Red Robin", "Gas Store Buyers - Shell", "Last 12 Months Buyers - Meijer", "TV Network Viewers (Food Network)", "Last 12 Months Buyers - Courtyard", "Home Product Buyers", "Casual Dining Buyers - Dennys", "Soft Drink Consumers", "Fast Food Buyers - Dunkin Donuts", "Shoe Store Buyers - All Buyers", "Last 12 Months Buyers - Airbnb", "Last 12 Months Buyers - Hyatt Regency", "Last 12 Months Buyers - Best Buy", "Apparel Store Buyers - Victorias Secret", "Women's Fashion Shoppers", "Gas Store Buyers - Light Buyers", "Last 12 Months Buyers - Burlington Coat Factory", "Casual Dining Buyers - Light Buyers", "Automotive Shoppers", "TV Daypart Viewers (Weekend Overnight)", "Hipsters & Trendsetters", "Gas Store Buyers - All Buyers", "Last 12 Months Buyers - Hallmark", "TV Daypart Viewers (Weekday Late Fringe)", "Meme Watchers", "New Phone Seekers", "Home Decoristas", "Black Friday Buyers - Electronics", "New Years Day Buyers - Charitable Organizations", "Fathers Day Buyers - Grocery", "TV Viewers (News)", "Casual Dining Buyers - Heavy Buyers", "Last 12 Months Buyers - Southwest", "Logistics Buyers", "Hotel & Motel Buyers - Courtyard by Marriott", "TV Viewers (Home & Garden)", "Street Sport Enthusiasts", "Entertainment Buyers", "Candy Consumers (Chocolate)", "Last 12 Months Buyers - Petco", "Independence Day Buyers - Clothing Stores", "Video Streaming Buyers - All Buyers", "Last 12 Months Buyers - Petsmart", "Fast Food Buyers - Heavy Buyers", "Credit & Rewards Card Buyers - New Cards 7 to 12 Months", "Sneakerheads", "Travel Enthusiasts", "Back To School Buyers", "TV Viewers (Animation)", "Last 12 Months Buyers - Staples", "Home Cooking & Grilling Shoppers", "TV Viewers (Music Shows)", "Golfers", "Outdoor & Nature Enthusiasts", "Restaurants Buyers", "Men's Lifestyle", "Last 12 Months Buyers - Llbean", "Gas Store Buyers - Gulf Oil", "Logistics Buyers - UPS", "TV Daypart Viewers (Weekday Daytime)", "Last 12 Months Buyers - Amazon", "Book Store & Learning Buyers", "Math & Science Enthusiasts", "Fast Food Buyers - Dominos Pizza", "TV Viewers (Drama)", "TV Network Viewers (BBC America)", "TV Network Viewers (AMC)", "Insurance Buyers - Geico", "Hotel & Motel Buyers - Marriott Residence Inn", "Outdoor Sports Gear Shoppers", "Last 12 Months Buyers - Famous Footwear", "Pet Store Buyers - Cat Food", "International Cuisine Shoppers", "Soccer Enthusiasts", "Apparel Store Buyers - Old Navy", "Credit & Rewards Card Buyers - Wallet Top 10", "Apparel Buyers", "Last 12 Months Buyers - USPS", "Outdoorsy Destinations", "Last 12 Months Buyers - Office Depot", "Drama Genre Fans", "Advocates & Activists", "Luxury Stores", "Dance & Electronic Music Fans", "Department Store Buyers - Macys", "Social Drinkers", "Department Store Buyers - Neiman Marcus", "Holiday Shoppers", "Last 12 Months Buyers - Lenscrafters", "Shoe Store Buyers - Heavy Buyers", "Labor Day Buyers - Clothing Stores", "TV Viewers (Talk Shows)", "Children Stores", "Gas Store Buyers - Heavy Buyers", "Wine Enthusiasts", "Last 12 Months Buyers - Sears Hardware Stores", "Fast Food Buyers - Light Buyers", "TV Network Viewers (ABC)", "Airline Buyers - American Airlines", "American Football Fans", "Business Travel Venues", "Last 12 Months Buyers - Lyft", "Last 12 Months Buyers - Target", "Gas Store Buyers - Citgo", "Department Store Buyers - Heavy Buyers", "Music Streaming Buyers - Sirius Satellite Radio", "Arts & Culture Mavens", "Apparel Store Buyers - Express", "TV Viewers (Comedy)", "Credit & Rewards Card Buyers - New Cards 6 Months", "Last 12 Months Buyers - Bed Bath & Beyond", "TV Viewers (Game Shows)", "Sporting Goods Buyers", "Entertainment Venue Visitors", "Clothing Stores", "Home Improvement Buyers - Heavy Buyers", "Last 12 Months Buyers - Ikea", "Last 12 Months Buyers - Home Depot", "Olympics Enthusiasts", "Last 12 Months Buyers - Gap", "Music Streaming Buyers - All Buyers", "Film & TV Fans", "Fashion & Style Gurus", "Credit & Rewards Card Buyers - Rewards Seeker", "TV Daypart Viewers (Weekend Daytime)", "Beauty Mavens", "Last 12 Months Buyers - Coach", "Foodies", "Columbus Day Buyers - Restaurants", "Credit & Rewards Card Buyers - Any Credit Card", "Fast Food Buyers - Subway", "Music Streaming Buyers - Spotify", "eCommerce Buyers - Amazon Prime -", "Adventure Seekers", "TV Daypart Viewers (Weekend Prime)", "TV Daypart Viewers (Weekend Late Fringe)", "Casual Dining Buyers - Golden Corral", "Last 12 Months Buyers - Lowes", "Basketball Fans", "Last 12 Months Buyers - Zappos", "Last 12 Months Buyers - Victorias Secret", "Shoe Store Buyers - Payless", "Casual Dining Buyers - All Buyers", "TV Viewers (Travel Shows)", "Fight & Wrestling Fans", "Sports Drink Shoppers", "Last 12 Months Buyers - Ann Taylor", "Last 12 Months Buyers - ABT", "Discount Buyers - Dollar General", "Casual Dining Buyers - Smash Burger", "Sports Centric Destinations", "Talent & Competition Show Fans", "Credit & Rewards Card Buyers - Any Rewards Card", "Apparel Store Buyers - All Buyers", "Grocery Stores", "Fathers Day Buyers - Restaurants", "Do-It-Yourselfers", "Travel Services Buyers - Airbnb", "Department Store Buyers - All Buyers", "Back To School Buyers - Sporting Goods", "Fast Food Buyers - Starbucks", "Last 12 Months Buyers - CVS", "Independence Day Buyers - Furnishing Stores", "Last 12 Months Buyers - Macys", "TV Viewers (Thriller & Horror)", "Convenience Stores", "Fast Food Buyers - Wendys", "Credit & Rewards Card Buyers - Transactor", "Wellness & Healthy Lifestyle", "Amusement Park Buyers - Amusement Parks", "Pop Music Fans", "Gamers", "Back To School Buyers - Office School Supply Stores", "Home Improvement Buyers - All Buyers", "Financial Buyers", "TV Daypart Viewers (Weekday Prime)", "Last 12 Months Buyers - REI", "Telecom Buyers - Verizon Products and Services", "Sports Fans", "College Basketball Fans", "Insurance Buyers - Heavy Buyers", "Seasonal Shoppers", "TV Viewers (Variety Shows)", "Baking Good Shoppers", "Cruise Line Buyers - Royal Caribbean", "Retail Buyers", "Casual Dining Buyers - Longhorn Steakhouse", "Discount Buyers - Family Dollar", "Recent Buyers", "Last 12 Months Buyers - Expedia", "Insurance Buyers - Progressive", "Women's Lifestyle", "Last 12 Months Buyers - Hellofresh", "Ride Share Buyers - Uber", "Health Clubs & Store Buyers", "Convenience Store Buyers", "Club Warehouse Buyers", "Supermarket Buyers - Fred Meyer Kroger", "New Years Day Buyers - Restaurants", "TV Viewers (Kids & Family)", "Mobile Category Buyers - Heavy Buyers", "Insurance Buyers - All Buyers", "Cosmetics Shoppers", "Fast Food Buyers - All Buyers", "Airline Buyers - All Buyers", "Last 12 Months Buyers - Royal Caribbean", "Fathers Day Buyers - Book Stores", "Apparel Store Buyers - Light Buyers", "Last 12 Months Buyers - Dicks Sporting Goods", "Video Streaming Buyers - Netflix", "Toy Shoppers", "TV Network Viewers (CBS)", "Last 12 Months Buyers - Alamo", "Casual & Mobile Gamers", "Quick & Easy Food Shoppers", "TV Network Viewers (Discovery Channel)", "Holiday Online Buyers - Shoes", "TV Viewers (Reality TV)", "Last 12 Months Buyers - Costco", "Cable Services Buyers", "Drug Store Buyers", "Convenience Store Buyers - 7-Eleven", "Cruise Line Buyers - Cruise Lines", "Pet Product Buyers", "Fun Trivia & Quiz Fanatics", "Labor Day Buyers", "Last 12 Months Buyers - Delta", "Discount Buyers - Dollar Tree", "Home Improvement Buyers - Menards", "Last 12 Months Buyers - Homegoods", "Candy Consumers (Non-Chocolate)", "Telecom Buyers - Mobile", "Fast Food Buyers - Chick Fil A", "Club Warehouse Buyers - Costco", "Last 12 Months Buyers - Enterprise", "Last 12 Months Buyers - Five Below", "News Watchers", "Travel Venue Visitors", "Beachgoers & Surfers", "Discount Buyers", "TV Viewers (Cooking)", "Mother's Day Buyers - Gift Shop", "Cosmetics Store Buyers - Ulta", "Music Fans", "Golf Courses", "Frequent Domestic Travelers", "Money Minders", "Last 12 Months Buyers - Dollar Tree", "Independence Day Buyers - Grocery", "Gas Store Buyers - Sunoco", "Labor Day Buyers - Restaurants", "Big Box Store Buyers - Walmart", "Black Friday Buyers - Dept Store", "Last 12 Months Buyers - Uber", "Household Goods & Furniture Store Buyers - Cost Plus World Market", "Reality TV Fans", "Convenience Store Buyers - Quiktrip", "Parents & Family-Focused", "Tech Buyers", "Back To School Buyers - Education", "Last 12 Months Buyers - Stubhub", "Celebrity News Watchers", "Retail Store Visitors", "eCommerce Buyers - Amazon - Heavy Buyers", "Athletic Recreation Venues", "Last 12 Months Buyers - Riteaid", "Halloween Buyers - Grocery", "Apparel Store Buyers - Gap", "Casual Dining Buyers - IHOP", "eCommerce Buyers - Etsy", "Walmart Stores", "Music Streaming Buyers - Light Buyers", "Halloween Buyers - Drug Stores", "Fast Food Buyers - Popeyes", "TV Viewers (Science Fiction & Fantasy)", "Seasonal Buyers"], "Geographic Information": [], "Interactions": {"Web Interactions": ["gap.com", "ikiki.co", "thegossiptemple.online", "guess.com", "mcmworldwide.com", "eyebuydirect.com", "louisvuitton.com", "adoreme.com", "att.com", "bleacherbreaker.com", "everlane.com", "motor-junkie.com", "funnyand.com", "varomoney.com", "beachbody.com", "nymag.com", "shareably.net", "coolimba.com", "allure.com", "gucci.com", "distractify.com", "stylebistro.com", "yourbump.com", "dillards.com", "vivint.com", "wired.com", "animalchannel.co", "bouqs.com", "toms.com", "coach.com", "howstuffworks.com", "michaels.com", "ampproject.org", "washingtonpost.com", "creamypikaa.com", "vanityfair.com", "betterhelp.com", "heb.com", "thekrazycouponlady.com", "ruggable.com", "chilis.com", "everytown.org", "thecut.com", "autoinsurance.com", "epicurious.com", "lull.com", "affluenttimes.com", "famousfootwear.com", "wayfair.com", "lenscrafters.com", "simplisafe.com", "53.com", "dickssportinggoods.com", "kohls.com", "colehaan.com", "warbyparker.com", "socialgazette.com", "hulu.com", "vogue.com", "dominos.com", "msn.com", "cosmopolitan.com", "fanduel.com", "foxbusiness.com", "att.net", "fandango.com", "startstackin.com", "247mirror.com", "booking.com", "doubleclick.net", "chewy.com", "spotify.com", "morningbrew.com", "nerdwallet.com", "ubereats.com", "moonmagic.com", "grubhub.com", "verizonwireless.com", "davidsbridal.com", "iheart.com", "moneywise.com", "worldlifestyle.com", "dsw.com", "ugg.com", "blueapron.com", "marriott.com", "sfgate.com", "fashionnova.com", "graduatez.com", "topgolf.com", "brilliantearth.com", "snorgtees.com", "fabletics.com", "reward1spot.com", "buzzfeed.com", "jerusalemonline.com", "madewell.com", "vice.com", "crateandbarrel.com", "giphy.com", "foxnews.com", "mentalfloss.com", "upyoyo.com", "goodhousekeeping.com", "tiqcdn.com", "sixt.com", "seedkiss.com", "fuelrewards.com", "ranker.com", "hilton.com", "drivepedia.com", "anker.com", "shoedazzle.com", "snapchat.com", "eightieskids.com", "ratemyjob.com", "relativelyinteresting.com", "doordash.com", "zimbio.com", "amarktflow.com", "falafelandcaviar.com", "buzzfeednews.com", "thedesigninspiration.com", "amznrewards.club", "liftlegging.com", "thepointsguy.com", "lnk.to", "onemedical.com", "suggest.com", "11alive.com", "niche.com", "thirdlove.com", "bonappetit.com", "journeys.com", "weather.com", "obsev.com", "illumeably.com"], "App Interactions": ["https://itunes.apple.com/us/app/id284035177", "https://itunes.apple.com/us/app/id998754894", "https://itunes.apple.com/us/app/id1049234587", "https://itunes.apple.com/us/app/id309465525", "https://itunes.apple.com/us/app/id1118431695", "https://itunes.apple.com/us/app/id1445450568", "https://play.google.com/store/apps/details?id=com.robtopx.geometrydashworld", "https://itunes.apple.com/us/app/id1438090112", "https://itunes.apple.com/us/app/id1266591536", "https://play.google.com/store/apps/details?id=tunein.player", "https://itunes.apple.com/us/app/id1287282214", "https://itunes.apple.com/us/app/id835599320", "https://itunes.apple.com/us/app/id1330123889", "https://itunes.apple.com/us/app/id519817714", "https://itunes.apple.com/us/app/id1331794412", "https://play.google.com/store/apps/details?id=com.firstrowria.android.soccerlivescores", "https://play.google.com/store/apps/details?id=com.digidust.elokence.akinator.freemium", "https://play.google.com/store/apps/details?id=com.hearst.android.kmbc", "https://itunes.apple.com/us/app/id1407852246", "https://itunes.apple.com/us/app/id336698281", "https://itunes.apple.com/us/app/id1278869953", "https://itunes.apple.com/us/app/id1354452189", "https://itunes.apple.com/us/app/id382497397", "https://itunes.apple.com/us/app/id1374212456", "https://itunes.apple.com/us/app/id509987785", "https://play.google.com/store/apps/details?id=com.europosit.pixelcoloring", "https://itunes.apple.com/us/app/id553834731", "https://play.google.com/store/apps/details?id=com.vnlentertainment.mmoproject", "https://itunes.apple.com/us/app/id661053119", "https://itunes.apple.com/us/app/id1089225191", "https://itunes.apple.com/us/app/id1197354394", "https://itunes.apple.com/us/app/id878577184", "https://itunes.apple.com/us/app/id447188370", "https://itunes.apple.com/us/app/id351727428", "https://itunes.apple.com/us/app/id571800810", "https://itunes.apple.com/us/app/id284910350", "https://play.google.com/store/apps/details?id=com.picsart.studio", "https://itunes.apple.com/us/app/id1435346021", "https://itunes.apple.com/us/app/id1274153663", "https://play.google.com/store/apps/details?id=com.etermax.preguntados.lite", "https://play.google.com/store/apps/details?id=com.mobilecardgames.solitaire", "https://itunes.apple.com/us/app/id1057771088", "https://itunes.apple.com/us/app/id930574573", "https://play.google.com/store/apps/details?id=com.nbadigital.gametimelite", "https://play.google.com/store/apps/details?id=com.gotv.nflgamecenter.us.lite", "https://itunes.apple.com/us/app/id436491861", "https://itunes.apple.com/us/app/id1474917623", "https://itunes.apple.com/us/app/id1467720176", "https://play.google.com/store/apps/details?id=com.bamnetworks.mobile.android.gameday.atbat", "https://itunes.apple.com/us/app/id1457000928", "https://play.google.com/store/apps/details?id=offline.bible.free", "https://itunes.apple.com/us/app/id1095459556", "https://itunes.apple.com/us/app/id836767708", "https://itunes.apple.com/us/app/id1078789949", "https://itunes.apple.com/us/app/id1384622732", "https://itunes.apple.com/us/app/id1264546236", "https://itunes.apple.com/us/app/id577586159", "https://itunes.apple.com/us/app/id1449014713", "https://play.google.com/store/apps/details?id=com.july.univision", "https://itunes.apple.com/us/app/id1203637303", "https://itunes.apple.com/us/app/id1443446174", "https://play.google.com/store/apps/details?id=com.myfitnesspal.android", "https://play.google.com/store/apps/details?id=com.newssynergy.wsyr", "https://play.google.com/store/apps/details?id=bubbleshooter.orig", "https://play.google.com/store/apps/details?id=com.mavenhut.solitaire", "https://play.google.com/store/apps/details?id=com.newser", "https://itunes.apple.com/us/app/id1306719339", "https://itunes.apple.com/us/app/id1344702806", "https://play.google.com/store/apps/details?id=com.miniclip.eightballpool", "https://itunes.apple.com/us/app/id1441091033", "https://itunes.apple.com/us/app/id719219382", "https://itunes.apple.com/us/app/id970107419"]}, "Mobile Ad Id": "13164b49-e3e5-407d-ba66-e86ff1ac79d7"}